id	domain	priority	release_gate	status	requirement	expected	evidence	owner_sprint	subdomain	preconditions	steps	actor	test_level	automation	spec_ref	baseline_impl
PUB-001	Public Marketplace	P0	Blocking	Pass	Anonymous user can browse homepage	Homepage renders without login and exposes public marketplace navigation.	Automated local anonymous browser route/catalog acceptance PASS — 2026-09-18.; Automated production API/RLS/actual-browser smoke PASS — 2026-09-18 (516bf45); owner usability retest pending.		Public access	No session.	Open `/`.	Anonymous	E2E	Automated	L12-L25	DONE
PUB-002	Public Marketplace	P0	Blocking	Pass	Anonymous user can browse approved listings	Approved public inventory is visible without authentication.	Automated local anonymous browser route/catalog acceptance PASS — 2026-09-18.; Automated production API/RLS/actual-browser smoke PASS — 2026-09-18 (516bf45); owner usability retest pending.		Public access	Approved listings exist.	Open `/listados`.	Anonymous	E2E	Automated	L12-L25	DONE
PUB-003	Public Marketplace	P0	Blocking	Pass	Anonymous user can open an approved listing detail	Listing detail is readable without authentication.	Automated local anonymous browser route/catalog acceptance PASS — 2026-09-18.; Automated production API/RLS/actual-browser smoke PASS — 2026-09-18 (516bf45); owner usability retest pending.		Public access	Approved listing exists.	Open its detail URL.	Anonymous	E2E	Automated	L12-L25	DONE
PUB-004	Public Marketplace	P1	Blocking	Pass	Anonymous user can open an active public store page	Store page and eligible inventory are public.	Automated local anonymous browser route/catalog acceptance PASS — 2026-09-18.; Automated production API/RLS/actual-browser smoke PASS — 2026-09-18 (516bf45); owner usability retest pending.		Public access	Active store exists.	Open store URL.	Anonymous	E2E	Automated	L12-L25	DONE
PUB-005	Public Marketplace	P0	Blocking	Pass	Private account features do not block public browsing	No forced signup/login occurs for normal browsing.	Automated local anonymous browser route/catalog acceptance PASS — 2026-09-18.; Automated production API/RLS/actual-browser smoke PASS — 2026-09-18 (516bf45); owner usability retest pending.		Public access	No session.	Browse catalog, detail and store pages.	Anonymous	E2E	Automated	L12-L25	DONE
PUB-006	Public Marketplace	P0	Blocking	Not Run	Marketplace copy does not claim Laria processes payment	Copy does not imply checkout, escrow, delivery management or transaction guarantee.			Public access	Public pages available.	Inspect purchase/contact trust copy.	Anonymous	Manual	Manual	L12-L25	DONE
PUB-007	Public Marketplace	P1	Blocking	Not Run	No internal chat entry point is exposed as a working V1 feature	Contact path remains external/WhatsApp; no fake internal-chat workflow is offered.			Public access	Public and account pages available.	Inspect primary marketplace actions.	All	Manual	Manual	L12-L25	DONE
AUTH-001	Accounts & Authentication	P0	Blocking	Pass	Particular signup succeeds with required profile data	Auth user and Particular profile are created; confirmation behavior follows configuration.	Owner manual production retest PASS — 2026-09-10		Particular account	Unique email and phone.	Complete signup with valid name/email/password/WhatsApp/location.	Particular	E2E	Automated	L27-L57	MODIFY
AUTH-002	Accounts & Authentication	P0	Blocking	Not Run	Duplicate email signup is rejected cleanly	User gets safe duplicate-account guidance; no duplicate account/profile is created.			Particular account	Existing auth email.	Attempt signup with same email.	Particular	E2E	Automated	L27-L57	MODIFY
AUTH-003	Accounts & Authentication	P0	Blocking	Pass	Email confirmation completes signup	Session/profile complete and user reaches intended success/account destination.	Owner manual production retest PASS — 2026-09-10		Particular account	Unconfirmed Particular signup.	Follow valid confirmation link.	Particular	E2E	Both	L27-L57	MODIFY
AUTH-004	Accounts & Authentication	P1	Blocking	Not Run	Expired/invalid confirmation link fails safely	No session corruption; user sees a recoverable error path.			Particular account	Invalid or expired link.	Open callback link.	Particular	E2E	Automated	L27-L57	MODIFY
AUTH-005	Accounts & Authentication	P0	Blocking	Not Run	Password login succeeds	Authenticated session established and account area accessible.			Particular account	Confirmed account.	Login with correct email/password.	Particular	E2E	Automated	L27-L57	MODIFY
AUTH-006	Accounts & Authentication	P0	Blocking	Not Run	Password login rejects wrong password	Authentication fails without revealing sensitive account details.			Particular account	Confirmed account.	Login with wrong password.	Particular	E2E	Automated	L27-L57	MODIFY
AUTH-007	Accounts & Authentication	P1	Blocking	Pass	Magic-link login succeeds for existing user	Session established; no new user is created.	Owner manual production retest PASS — 2026-09-10		Particular account	Existing account.	Request and follow magic link.	Particular	E2E	Both	L27-L57	MODIFY
AUTH-008	Accounts & Authentication	P0	Blocking	Not Run	Magic-link login does not create unknown user	No unintended account is created.			Particular account	Unregistered email.	Request login magic link.	Anonymous	API	Automated	L27-L57	MODIFY
AUTH-009	Accounts & Authentication	P0	Blocking	Not Run	Logout clears protected session	User is signed out and protected page redirects to login.			Particular account	Authenticated account.	Log out then open `/mi-cuenta`.	Particular	E2E	Automated	L27-L57	MODIFY
AUTH-010	Accounts & Authentication	P0	Blocking	Pass	Forgot-password request succeeds for valid account	Recovery message is sent/queued without exposing credentials.	Owner manual production retest PASS — 2026-09-10		Particular account	Existing account.	Submit forgot-password flow.	Particular	E2E	Both	L27-L57	MODIFY
AUTH-011	Accounts & Authentication	P1	Blocking	Not Run	Forgot-password request is safe for unknown email	Response does not leak unsafe directory data and no account is created.			Particular account	Unknown email.	Submit forgot-password request.	Anonymous	API	Automated	L27-L57	MODIFY
AUTH-012	Accounts & Authentication	P0	Blocking	Pass	Valid password-reset link changes password	New password works; old password no longer works.	Owner manual production retest PASS — 2026-09-10		Particular account	Recovery link available.	Open recovery link, set new password, sign in.	Particular	E2E	Both	L27-L57	MODIFY
AUTH-013	Accounts & Authentication	P1	Blocking	Not Run	Expired password-reset link fails safely	Password unchanged and recoverable error shown.			Particular account	Expired recovery link.	Attempt reset.	Particular	E2E	Automated	L27-L57	MODIFY
AUTH-014	Accounts & Authentication	P0	Blocking	Not Run	Authenticated user can change password	Password changes and future login uses new password.			Particular account	Logged-in account.	Use account password-change flow.	Particular	E2E	Automated	L27-L57	MODIFY
AUTH-015	Accounts & Authentication	P0	Blocking	Not Run	Profile editing updates allowed fields	Profile persists new values.			Particular account	Logged-in Particular.	Change name, WhatsApp, city and region.	Particular	E2E	Automated	L27-L57	MODIFY
AUTH-016	Accounts & Authentication	P0	Blocking	Not Run	Particular account supports buyer and seller features	Same account can buy-side and sell-side without second account.			Particular account	Logged-in Particular.	Access favorites/search-alert area and seller publication area.	Particular	E2E	Automated	L27-L57	MODIFY
AUTH-017	Accounts & Authentication	P0	Blocking	Pass	Store-owner route does not silently convert a Particular account	Account type is not silently changed; safe recovery/denial shown.	Automated local account-separation regression PASS — 2026-09-10		Particular account	Logged-in Particular.	Attempt store-owner-only setup route.	Particular	E2E	Automated	L27-L57	MODIFY
AUTH-018	Accounts & Authentication	P0	Blocking	Pass	Store-owner account remains separate from Particular	Store-owner identity is not treated as a Particular account.	Automated local account-separation regression PASS — 2026-09-10		Particular account	Store-owner account exists.	Inspect account role and Particular seller routes.	Store Owner	E2E	Automated	L27-L57	MODIFY
AUTH-019	Accounts & Authentication	P1	Blocking	Not Run	Protected account route redirects unauthenticated user preserving return path	Redirects to login and preserves safe return destination.			Particular account	No session.	Open protected account route.	Anonymous	E2E	Automated	L27-L57	MODIFY
AUTH-020	Accounts & Authentication	P0	Blocking	Not Run	Unsafe external `next` redirect is rejected	Redirect remains same-site.			Particular account	Crafted external next URL.	Invoke auth callback/login return flow.	Anonymous	API	Automated	L27-L57	MODIFY
AUTH-021	Accounts & Authentication	P2	Non-blocking	Not Run	Account email-change workflow is absent from V1 UI	No unsupported email-change workflow is presented as active.			Particular account	Authenticated account.	Inspect account settings.	Particular	Manual	Manual	L27-L57	MODIFY
AUTH-022	Accounts & Authentication	P2	Non-blocking	Not Run	Account deletion workflow is absent from V1 UI	No unsupported self-delete workflow is presented as active.			Particular account	Authenticated account.	Inspect account settings.	Particular	Manual	Manual	L27-L57	MODIFY
AUTH-023	Accounts & Authentication	P1	Blocking	Pass	Resetting to the current password gives safe specific guidance	Known same_password rejection states that the new password must differ; unknown errors stay generic.	Local provider integration and password-reset.test.cjs PASS — 2026-09-16; owner copy retest after release.; Production provider/token-hash and actual-browser proof PASS — 2026-09-17 (427ac8e); specific same-password guidance, different reset/new login/old denial and invalid/reused/expired links. Real-inbox owner retest remains required.; Owner manual production acceptance PASS — 2026-09-17	4	Password recovery	Valid recovery session and current password.	Submit the current password, then a different valid password; verify safe error and successful reset.	Particular	Integration	Automated	L27-L57	MODIFY
LIST-001	Listings	P0	Blocking	Not Run	Unauthenticated user cannot publish	User is redirected to login; return path is preserved.			Creation & ownership	No session.	Open `/vender`.	Anonymous	E2E	Automated	L59-L79,L99-L115	MODIFY
LIST-002	Listings	P0	Blocking	Not Run	Authenticated Particular can open publication form	Publication form is available.			Creation & ownership	Logged-in Particular.	Open `/vender`.	Particular	E2E	Automated	L59-L79,L99-L115	MODIFY
LIST-003	Listings	P0	Blocking	Not Run	Valid Particular submission creates owned pending listing	Listing is created with owner_user_id=current user, seller_type individual, store_id null, status pending.			Creation & ownership	Logged-in Particular, valid data/photos.	Submit listing.	Particular	API/DB	Automated	L59-L79,L99-L115	MODIFY
LIST-004	Listings	P0	Blocking	Not Run	Particular cannot directly create approved listing	Protected status cannot be set to approved by seller.			Creation & ownership	Logged-in Particular.	Tamper request/status during creation.	Particular	DB/RLS	Automated	L59-L79,L99-L115	MODIFY
LIST-005	Listings	P1	Blocking	Not Run	Required title validation	Submission blocked with clear validation; no partial listing finalized.			Creation & ownership	Logged-in Particular.	Submit without title.	Particular	E2E	Automated	L59-L79,L99-L115	MODIFY
LIST-006	Listings	P1	Blocking	Not Run	Required category validation	Submission blocked; no invalid record finalized.			Creation & ownership	Logged-in Particular.	Submit without category.	Particular	E2E	Automated	L59-L79,L99-L115	MODIFY
LIST-007	Listings	P0	Blocking	Not Run	Instrument type required where category has meaningful subtypes	Submission is rejected with user-facing validation.			Creation & ownership	Category with configured instrument types.	Omit instrument type and submit.	Particular	E2E	Automated	L59-L79,L99-L115	MODIFY
LIST-008	Listings	P1	Blocking	Not Run	Instrument type not spuriously required where category has no subtype rule	Submission succeeds if all applicable requirements pass.			Creation & ownership	Category without meaningful subtype.	Submit valid listing without instrument type.	Particular	E2E	Automated	L59-L79,L99-L115	MODIFY
LIST-009	Listings	P1	Blocking	Not Run	Dynamic attributes save correctly	Attributes persist and render through user-facing labels.			Creation & ownership	Category with configured attributes.	Set several supported attributes and submit.	Particular	E2E	Automated	L59-L79,L99-L115	MODIFY
LIST-010	Listings	P1	Blocking	Not Run	Optional dynamic attributes may be omitted	Listing can be submitted if no explicit required attribute is violated.			Creation & ownership	Valid listing with no optional attributes.	Submit.	Particular	E2E	Automated	L59-L79,L99-L115	MODIFY
LIST-011	Listings	P1	Blocking	Not Run	Raw JSON keys are not exposed in form/detail	Human-readable labels/options are shown instead of raw JSON/snake_case.			Creation & ownership	Listing with attributes.	View form and detail.	Particular	Manual	Both	L59-L79,L99-L115	MODIFY
LIST-012	Listings	P0	Blocking	Not Run	Marketplace rules acceptance is required	Submission rejected; acceptance timestamp not fabricated.			Creation & ownership	Logged-in Particular.	Submit without accepting rules.	Particular	E2E	Automated	L59-L79,L99-L115	MODIFY
LIST-013	Listings	P1	Blocking	Pass	Price accepts valid positive value	Price persists accurately in PEN.	Owner manual production retest PASS — 2026-09-16		Creation & ownership	Logged-in Particular.	Submit valid positive price.	Particular	E2E	Automated	L59-L79,L99-L115	MODIFY
LIST-014	Listings	P0	Blocking	Not Run	Invalid negative price is rejected	Validation/database constraint rejects it.			Creation & ownership	Logged-in Particular.	Submit negative price.	Particular	API/DB	Automated	L59-L79,L99-L115	MODIFY
LIST-015	Listings	P0	Blocking	Not Run	Profile identity is used for owned listing display	Seller identity/contact resolves from current profile where specified.			Creation & ownership	Owned approved listing; profile exists.	Open listing detail.	Particular	E2E	Automated	L59-L79,L99-L115	MODIFY
LIST-016	Listings	P1	Blocking	Not Run	Profile name update propagates to owned listing display	Listing seller display reflects current profile name.			Creation & ownership	Owned listing exists.	Change profile name; reload detail.	Particular	E2E	Automated	L59-L79,L99-L115	MODIFY
LIST-017	Listings	P0	Blocking	Not Run	Profile WhatsApp update propagates to owned listing contact	Current profile WhatsApp is used.			Creation & ownership	Owned listing exists.	Change profile phone; invoke contact.	Particular	E2E	Automated	L59-L79,L99-L115	MODIFY
LIST-018	Listings	P0	Blocking	Not Run	Legacy listing without owner keeps historical contact fallback	Historical listing-level contact data continues to work.			Creation & ownership	Legacy owner_user_id null listing exists.	Open detail/contact.	Anonymous	E2E	Automated	L59-L79,L99-L115	MODIFY
LIST-019	Listings	P0	Blocking	Not Run	New account does not auto-claim legacy listing by matching phone	owner_user_id remains unchanged until admin manually links it.			Creation & ownership	Legacy listing matches user's phone.	Create/login account.	Particular	DB/RLS	Automated	L59-L79,L99-L115	MODIFY
LIST-020	Listings	P0	Blocking	Not Run	Submission cannot assign another user's owner_user_id	RLS/server validation prevents cross-account ownership.			Creation & ownership	Two Particular accounts.	Tamper submission owner ID.	Particular	DB/RLS	Automated	L59-L79,L99-L115	MODIFY
LIST-021	Listings	P0	Blocking	Not Run	Submission retry does not duplicate listing	Exactly one listing finalizes.			Creation & ownership	Valid submission; simulate lost response.	Retry same submission capability.	Particular	API/DB	Automated	L59-L79,L99-L115	MODIFY
LIST-022	Listings	P0	Blocking	Not Run	Changed payload cannot misuse old retry token	Server rejects unsafe reuse or requires fresh capability; no overwrite/duplication.			Creation & ownership	Issued retry token for one payload.	Retry using materially changed values/files.	Particular	API	Automated	L59-L79,L99-L115	MODIFY
PHOTO-001	Listings	P0	Blocking	Pass	Exactly 2 valid photos is accepted	Submission passes photo-count validation.	Automated local photo SQL/API/component/browser regression PASS — 2026-09-17; responsive image cases verified in analytics browser. Owner visual QA after release.; Production automated photo HTTP/DB and actual-browser proof PASS — 2026-09-17 (427ac8e); private proposals, boundaries, retry/recovery, historical isolation and responsive media verified.		Photos	Logged-in Particular.	Submit with exactly two valid images.	Particular	E2E	Automated	L79-L79,L286-L302	MODIFY
PHOTO-002	Listings	P0	Blocking	Pass	1 photo is rejected	Submission blocked; minimum 2 stated.	Automated local photo SQL/API/component/browser regression PASS — 2026-09-17; responsive image cases verified in analytics browser. Owner visual QA after release.; Production automated photo HTTP/DB and actual-browser proof PASS — 2026-09-17 (427ac8e); private proposals, boundaries, retry/recovery, historical isolation and responsive media verified.		Photos	Logged-in Particular.	Submit with one image.	Particular	E2E	Automated	L79-L79,L286-L302	MODIFY
PHOTO-003	Listings	P0	Blocking	Pass	Exactly 10 photos is accepted	Submission succeeds if all other requirements pass.	Automated local photo SQL/API/component/browser regression PASS — 2026-09-17; responsive image cases verified in analytics browser. Owner visual QA after release.; Production automated photo HTTP/DB and actual-browser proof PASS — 2026-09-17 (427ac8e); private proposals, boundaries, retry/recovery, historical isolation and responsive media verified.		Photos	Logged-in Particular.	Submit with ten valid images.	Particular	E2E	Automated	L79-L79,L286-L302	MODIFY
PHOTO-004	Listings	P0	Blocking	Pass	11 photos is rejected	Client/server enforce maximum 10.	Automated local photo SQL/API/component/browser regression PASS — 2026-09-17; responsive image cases verified in analytics browser. Owner visual QA after release.; Production automated photo HTTP/DB and actual-browser proof PASS — 2026-09-17 (427ac8e); private proposals, boundaries, retry/recovery, historical isolation and responsive media verified.		Photos	Logged-in Particular.	Attempt eleven images.	Particular	E2E	Automated	L79-L79,L286-L302	MODIFY
PHOTO-005	Listings	P1	Blocking	Pass	Supported JPEG upload works	Image stored and associated.	Automated local photo SQL/API/component/browser regression PASS — 2026-09-17; responsive image cases verified in analytics browser. Owner visual QA after release.; Production automated photo HTTP/DB and actual-browser proof PASS — 2026-09-17 (427ac8e); private proposals, boundaries, retry/recovery, historical isolation and responsive media verified.		Photos	Valid JPEG under size limit.	Upload and submit.	Particular	E2E	Automated	L79-L79,L286-L302	MODIFY
PHOTO-006	Listings	P1	Blocking	Pass	Supported PNG upload works	Image stored and associated.	Automated local photo SQL/API/component/browser regression PASS — 2026-09-17; responsive image cases verified in analytics browser. Owner visual QA after release.; Production automated photo HTTP/DB and actual-browser proof PASS — 2026-09-17 (427ac8e); private proposals, boundaries, retry/recovery, historical isolation and responsive media verified.		Photos	Valid PNG under size limit.	Upload and submit.	Particular	E2E	Automated	L79-L79,L286-L302	MODIFY
PHOTO-007	Listings	P1	Blocking	Pass	Supported WebP upload works	Image stored and associated.	Automated local photo SQL/API/component/browser regression PASS — 2026-09-17; responsive image cases verified in analytics browser. Owner visual QA after release.; Production automated photo HTTP/DB and actual-browser proof PASS — 2026-09-17 (427ac8e); private proposals, boundaries, retry/recovery, historical isolation and responsive media verified.		Photos	Valid WebP under size limit.	Upload and submit.	Particular	E2E	Automated	L79-L79,L286-L302	MODIFY
PHOTO-008	Listings	P0	Blocking	Pass	Unsupported file type is rejected	Rejected before finalization with useful message.	Automated local photo SQL/API/component/browser regression PASS — 2026-09-17; responsive image cases verified in analytics browser. Owner visual QA after release.; Production automated photo HTTP/DB and actual-browser proof PASS — 2026-09-17 (427ac8e); private proposals, boundaries, retry/recovery, historical isolation and responsive media verified.		Photos	Non-image/unsupported format.	Upload.	Particular	E2E	Automated	L79-L79,L286-L302	MODIFY
PHOTO-009	Listings	P0	Blocking	Pass	Oversized file is rejected	Rejected; no invalid photo row finalized.	Automated local photo SQL/API/component/browser regression PASS — 2026-09-17; responsive image cases verified in analytics browser. Owner visual QA after release.; Production automated photo HTTP/DB and actual-browser proof PASS — 2026-09-17 (427ac8e); private proposals, boundaries, retry/recovery, historical isolation and responsive media verified.		Photos	Image over storage limit.	Upload.	Particular	E2E	Automated	L79-L79,L286-L302	MODIFY
PHOTO-010	Listings	P1	Blocking	Pass	Photo reorder changes primary image	sort_order persists and first image becomes catalog primary.	Automated local photo SQL/API/component/browser regression PASS — 2026-09-17; responsive image cases verified in analytics browser. Owner visual QA after release.; Production automated photo HTTP/DB and actual-browser proof PASS — 2026-09-17 (427ac8e); private proposals, boundaries, retry/recovery, historical isolation and responsive media verified.		Photos	Owned editable listing with >=3 photos.	Reorder images and save.	Particular	E2E	Automated	L79-L79,L286-L302	MODIFY
PHOTO-011	Listings	P1	Blocking	Pass	Photo replacement preserves valid listing	New image becomes associated; old image is no longer used; listing remains valid.	Automated local photo SQL/API/component/browser regression PASS — 2026-09-17; responsive image cases verified in analytics browser. Owner visual QA after release.; Production automated photo HTTP/DB and actual-browser proof PASS — 2026-09-17 (427ac8e); private proposals, boundaries, retry/recovery, historical isolation and responsive media verified.		Photos	Owned listing with >=2 photos.	Replace one image.	Particular	E2E	Automated	L79-L79,L286-L302	MODIFY
PHOTO-012	Listings	P1	Blocking	Pass	Photo removal allowed while >=2 remain	Removal succeeds while count remains >=2.	Automated local photo SQL/API/component/browser regression PASS — 2026-09-17; responsive image cases verified in analytics browser. Owner visual QA after release.; Production automated photo HTTP/DB and actual-browser proof PASS — 2026-09-17 (427ac8e); private proposals, boundaries, retry/recovery, historical isolation and responsive media verified.		Photos	Owned listing with 3+ photos.	Remove one and save.	Particular	E2E	Automated	L79-L79,L286-L302	MODIFY
PHOTO-013	Listings	P0	Blocking	Pass	Photo removal blocked below minimum	Operation blocked or revision cannot publish below 2.	Automated local photo SQL/API/component/browser regression PASS — 2026-09-17; responsive image cases verified in analytics browser. Owner visual QA after release.; Production automated photo HTTP/DB and actual-browser proof PASS — 2026-09-17 (427ac8e); private proposals, boundaries, retry/recovery, historical isolation and responsive media verified.		Photos	Owned listing with 2 photos.	Attempt to remove one.	Particular	E2E	Automated	L79-L79,L286-L302	MODIFY
PHOTO-014	Listings	P0	Blocking	Pass	Partial upload failure is recoverable	Previously hardened retry/cleanup flow recovers without duplicate listing.	Automated local photo SQL/API/component/browser regression PASS — 2026-09-17; responsive image cases verified in analytics browser. Owner visual QA after release.; Production automated photo HTTP/DB and actual-browser proof PASS — 2026-09-17 (427ac8e); private proposals, boundaries, retry/recovery, historical isolation and responsive media verified.		Photos	Valid submission; force later upload failure.	Retry without closing page.	Particular	Integration	Automated	L79-L79,L286-L302	MODIFY
PHOTO-015	Listings	P1	Blocking	Pass	Closing page mid-upload may leave orphan but must not create public listing	No finalized/public invalid listing exists; known orphan-storage limitation only.	BLOCKED — real browser close mid-upload/manual inspection not executed in Sprint 4; controlled partial-upload recovery passed locally. Known orphan limitation retained; owner QA after release.; Owner manual production acceptance PASS — 2026-09-17		Photos	Interrupt browser during upload.	Close before finalization then inspect DB/public catalog.	Particular	Integration	Both	L79-L79,L286-L302	MODIFY
PHOTO-016	Listings	P1	Blocking	Pass	Card uses optimized responsive image rather than eager original	Responsive optimized image path/sizes are used.	Automated local photo SQL/API/component/browser regression PASS — 2026-09-17; responsive image cases verified in analytics browser. Owner visual QA after release.; Production automated photo HTTP/DB and actual-browser proof PASS — 2026-09-17 (427ac8e); private proposals, boundaries, retry/recovery, historical isolation and responsive media verified.		Photos	Approved listing.	Inspect rendered card/network behavior.	Anonymous	Performance	Both	L79-L79,L286-L302	MODIFY
PHOTO-017	Listings	P1	Blocking	Pass	Detail thumbnails are lazy/responsive	Thumbnails do not eagerly download all full-size originals.	Automated local photo SQL/API/component/browser regression PASS — 2026-09-17; responsive image cases verified in analytics browser. Owner visual QA after release.; Production automated photo HTTP/DB and actual-browser proof PASS — 2026-09-17 (427ac8e); private proposals, boundaries, retry/recovery, historical isolation and responsive media verified.		Photos	Approved listing with many photos.	Open detail and inspect network.	Anonymous	Performance	Both	L79-L79,L286-L302	MODIFY
RLS-001	Security & Ownership	P0	Blocking	Pass	Owner can read own pending listing	Owner can access it in account context.	Automated local SQL/RLS regression PASS — 2026-09-10		Listing RLS	Particular owns pending listing.	Query/open account listing.	Particular	DB/RLS	Automated	L87-L97,L115-L115,L246-L252	MODIFY
RLS-002	Security & Ownership	P0	Blocking	Pass	Owner can read own rejected listing	Owner can see status/reason as allowed.	Automated local SQL/RLS regression PASS — 2026-09-10		Listing RLS	Particular owns rejected listing.	Open account listing.	Particular	DB/RLS	Automated	L87-L97,L115-L115,L246-L252	MODIFY
RLS-003	Security & Ownership	P0	Blocking	Pass	Unrelated Particular cannot read another user's nonpublic listing	Access denied/no row returned.	Automated local SQL/RLS regression PASS — 2026-09-10		Listing RLS	Two users; pending listing owned by A.	B attempts direct data access.	Particular	DB/RLS	Automated	L87-L97,L115-L115,L246-L252	MODIFY
RLS-004	Security & Ownership	P0	Blocking	Pass	Unrelated Particular cannot update another user's listing	Update denied.	Automated local SQL/RLS regression PASS — 2026-09-10		Listing RLS	Two users.	B attempts update to A listing.	Particular	DB/RLS	Automated	L87-L97,L115-L115,L246-L252	MODIFY
RLS-005	Security & Ownership	P0	Blocking	Pass	Owner cannot mutate protected status directly	Trigger/RLS blocks protected-field change.	Automated local SQL/RLS regression PASS — 2026-09-10		Listing RLS	Owned listing.	Attempt direct status update.	Particular	DB/RLS	Automated	L87-L97,L115-L115,L246-L252	MODIFY
RLS-006	Security & Ownership	P0	Blocking	Pass	Owner cannot mutate published_at directly	Change blocked.	Automated local SQL/RLS regression PASS — 2026-09-10		Listing RLS	Owned listing.	Attempt published_at update.	Particular	DB/RLS	Automated	L87-L97,L115-L115,L246-L252	MODIFY
RLS-007	Security & Ownership	P0	Blocking	Pass	Owner cannot mutate view_count directly	Change blocked.	Automated local SQL/RLS regression PASS — 2026-09-10		Listing RLS	Owned listing.	Attempt view_count update.	Particular	DB/RLS	Automated	L87-L97,L115-L115,L246-L252	MODIFY
RLS-008	Security & Ownership	P0	Blocking	Pass	Owner cannot change seller_type to store	Change blocked.	Automated local SQL/RLS regression PASS — 2026-09-10		Listing RLS	Owned individual listing.	Tamper seller_type.	Particular	DB/RLS	Automated	L87-L97,L115-L115,L246-L252	MODIFY
RLS-009	Security & Ownership	P0	Blocking	Pass	Owner cannot attach arbitrary store_id	Change blocked.	Automated local SQL/RLS regression PASS — 2026-09-10		Listing RLS	Owned individual listing.	Tamper store_id.	Particular	DB/RLS	Automated	L87-L97,L115-L115,L246-L252	MODIFY
RLS-010	Security & Ownership	P0	Blocking	Pass	Admin retains moderation authority	Authorized admin action succeeds.	Automated local SQL/RLS regression PASS — 2026-09-10		Listing RLS	Admin + pending listing.	Approve/reject via trusted path.	Admin	DB/RLS	Automated	L87-L97,L115-L115,L246-L252	MODIFY
RLS-011	Security & Ownership	P0	Blocking	Pass	Public reads only publicly eligible inventory	Only approved active inventory appears.	Automated local SQL/RLS regression PASS — 2026-09-10		Listing RLS	Mix approved/pending/rejected/hidden/sold.	Query public catalog.	Anonymous	DB/RLS	Automated	L87-L97,L115-L115,L246-L252	MODIFY
RLS-012	Security & Ownership	P0	Blocking	Pass	Public photo access follows eligible listing state	Public app/data exposure follows listing visibility rules.	Automated local SQL/RLS regression PASS — 2026-09-10		Listing RLS	Photos across listing states.	Attempt public photo relation reads.	Anonymous	DB/RLS	Automated	L87-L97,L115-L115,L246-L252	MODIFY
LIFE-001	Listings	P0	Blocking	Not Run	Admin approval publishes pending Particular listing	Status becomes approved and public; first publication timestamp set.			Lifecycle	Pending valid listing.	Admin approves.	Admin	E2E	Automated	L81-L97	MODIFY
LIFE-002	Listings	P0	Blocking	Not Run	Admin rejection keeps listing nonpublic	Listing not public; owner sees rejection reason; email workflow eligible.			Lifecycle	Pending listing.	Admin rejects with reason.	Admin	E2E	Automated	L81-L97	MODIFY
LIFE-003	Listings	P0	Blocking	Pass	Owner hides approved listing	Listing disappears from public browse.	Owner manual production acceptance PASS — 2026-09-15		Lifecycle	Approved owned listing.	Choose hide/unpublish.	Particular	E2E	Automated	L81-L97	MODIFY
LIFE-004	Listings	P1	Blocking	Pass	Owner restores hidden valid Particular listing through normal rules	Listing returns through required publication/moderation behavior.	Owner manual production acceptance PASS — 2026-09-15		Lifecycle	Hidden owned listing.	Restore.	Particular	E2E	Automated	L81-L97	MODIFY
LIFE-005	Listings	P0	Blocking	Pass	Owner marks approved listing sold	Listing status becomes sold; removed from normal catalog.	Owner manual production acceptance PASS — 2026-09-15		Lifecycle	Approved owned listing.	Mark sold.	Particular	E2E	Automated	L81-L97	MODIFY
LIFE-006	Listings	P0	Blocking	Pass	Sold listing remains reachable by direct URL	Page renders with clear Vendido state.	Owner manual production acceptance PASS — 2026-09-15		Lifecycle	Sold listing with known slug.	Open direct URL.	Anonymous	E2E	Automated	L81-L97	MODIFY
LIFE-007	Listings	P0	Blocking	Not Run	Sold listing is absent from normal search/catalog	Sold item is not returned as active inventory.			Lifecycle	Sold listing exists.	Search/browse matching catalog.	Anonymous	E2E	Automated	L81-L97	MODIFY
LIFE-008	Listings	P0	Blocking	Not Run	Sold listing cannot be directly reactivated	Original historical record stays sold.			Lifecycle	Sold owned listing.	Attempt restore/status manipulation.	Particular	DB/RLS	Automated	L81-L97	MODIFY
LIFE-009	Listings	P0	Blocking	Pass	Relist copies sold listing	New listing/draft-copy created; original sold row unchanged.	Owner manual production acceptance PASS — 2026-09-15		Lifecycle	Sold owned listing.	Choose Relistar.	Particular	E2E	Automated	L81-L97	MODIFY
LIFE-010	Listings	P0	Blocking	Not Run	Relisted Particular copy requires moderation	New record enters pending, not approved.			Lifecycle	Relisted copy valid.	Submit relisted copy.	Particular	E2E	Automated	L81-L97	MODIFY
LIFE-011	Listings	P0	Blocking	Not Run	Relisted normal Tienda copy requires moderation	Copy enters pending.			Lifecycle	Normal Tienda sold listing.	Relist.	Store Owner	E2E	Automated	L81-L97	MODIFY
LIFE-012	Listings	P0	Blocking	Not Run	Relisted Tienda Verificada copy can publish directly	New copy can publish approved directly.			Lifecycle	Verified store sold listing.	Relist valid copy.	Store Owner	E2E	Automated	L81-L97	MODIFY
LIFE-013	Listings	P0	Blocking	Pass	Historical sold record preserves transaction/review linkage	Old listing retains historical relations; copy has new identity.	Automated local Sprint 6 SQL/RLS and lifecycle integration acceptance PASS — 2026-09-19; verified transaction/review history remains on the original sold listing and is not inherited by the relist copy.		Lifecycle	Sold listing with verified transaction/reviews.	Relist copy.	Admin	DB	Automated	L81-L97	MODIFY
LIFE-014	Listings	P1	Blocking	Pass	No normal hard-delete control exists for seller	Hide/sold/relist exist as appropriate; no destructive hard delete.	Owner manual production acceptance PASS — 2026-09-15		Lifecycle	Owned listing.	Inspect listing actions.	Particular	Manual	Manual	L81-L97	MODIFY
REV-001	Listings	P0	Blocking	Not Run	Immediate price edit applies without moderation	Public approved listing reflects new price immediately.			Approved listing revisions	Approved Particular listing.	Change price only.	Particular	E2E	Automated	L117-L137	BUILD
REV-002	Listings	P1	Blocking	Not Run	Immediate description edit applies without moderation	Public listing updates without pending revision.			Approved listing revisions	Approved Particular listing.	Change description only.	Particular	E2E	Automated	L117-L137	BUILD
REV-003	Listings	P1	Blocking	Not Run	Immediate location edit applies without moderation	Public listing updates directly.			Approved listing revisions	Approved Particular listing.	Change location only.	Particular	E2E	Automated	L117-L137	BUILD
REV-004	Listings	P1	Blocking	Not Run	Immediate attribute edit applies without moderation	Public listing updates directly.			Approved listing revisions	Approved Particular listing.	Change detailed attributes only.	Particular	E2E	Automated	L117-L137	BUILD
REV-005	Listings	P0	Blocking	Pass	Title edit creates pending revision for Particular	Live version remains unchanged; pending revision stores new title.	Owner manual production acceptance PASS — 2026-09-15		Approved listing revisions	Approved listing.	Change title.	Particular	E2E	Automated	L117-L137	BUILD
REV-006	Listings	P0	Blocking	Not Run	Category edit creates pending revision	Old approved version remains live while revision awaits review.			Approved listing revisions	Approved listing.	Change category.	Particular	E2E	Automated	L117-L137	BUILD
REV-007	Listings	P0	Blocking	Not Run	Instrument type edit creates pending revision	Old approved version remains live.			Approved listing revisions	Approved listing.	Change instrument type.	Particular	E2E	Automated	L117-L137	BUILD
REV-008	Listings	P0	Blocking	Not Run	Brand edit creates pending revision	Pending revision created; live row not prematurely mutated.			Approved listing revisions	Approved listing.	Change brand.	Particular	E2E	Automated	L117-L137	BUILD
REV-009	Listings	P0	Blocking	Not Run	Model edit creates pending revision	Pending revision created.			Approved listing revisions	Approved listing.	Change model.	Particular	E2E	Automated	L117-L137	BUILD
REV-010	Listings	P0	Blocking	Pass	Photo edit creates pending revision	Public approved photo version stays live pending review.	Owner manual production acceptance PASS — 2026-09-15		Approved listing revisions	Approved listing.	Replace/reorder moderated photo set.	Particular	E2E	Automated	L117-L137	BUILD
REV-011	Listings	P0	Blocking	Pass	Mixed immediate + moderated edit is handled consistently	Moderated fields do not leak live before approval; defined immediate-field behavior remains consistent/atomic.	Owner manual production retest PASS — 2026-09-16		Approved listing revisions	Approved listing.	Change price and title in one save.	Particular	Integration	Automated	L117-L137	BUILD
REV-012	Listings	P0	Blocking	Pass	Admin approves pending revision	Approved public version atomically adopts revision; revision history retained.	Owner manual production retest PASS — 2026-09-16		Approved listing revisions	Pending revision exists.	Admin reviews and approves.	Admin	E2E	Automated	L117-L137	BUILD
REV-013	Listings	P0	Blocking	Pass	Admin rejects pending revision	Old approved version remains public; owner sees reason; revision marked rejected.	Owner manual production acceptance PASS — 2026-09-15		Approved listing revisions	Pending revision exists.	Reject with reason.	Admin	E2E	Automated	L117-L137	BUILD
REV-014	Listings	P0	Blocking	Pass	Additional moderated edits safely amend the existing pending proposal	Exactly one pending revision remains and contains the latest complete proposed moderated state.	Automated local SQL/API/actual-browser proof PASS — 2026-09-17: existing title proposal, private add/replace/reorder/remove, one revision, retained text/latest photos, old public set, latest admin preview and exact promotion. Owner production browser retest after release.; Production automated HTTP/DB/actual-browser proof PASS — 2026-09-17 (427ac8e); one evolving combined proposal and exact latest promotion. Owner production browser retest remains required.; Owner manual production acceptance PASS — 2026-09-17		Approved listing revisions	Approved listing with one pending moderated revision.	Change another moderated field or the proposed photos before the admin decision.	Particular	Integration	Automated	L117-L137	BUILD
REV-015	Listings	P0	Blocking	Pass	Normal Tienda uses same moderated revision rules	Old version remains public pending admin review.	Owner manual production acceptance PASS — 2026-09-15		Approved listing revisions	Approved normal-store listing.	Change moderated field.	Store Owner	E2E	Automated	L117-L137	BUILD
REV-016	Listings	P0	Blocking	Pass	Tienda Verificada bypasses moderated revision	Qualifying edit applies directly; no listing-by-listing revision approval required.	Owner manual production acceptance PASS — 2026-09-15		Approved listing revisions	Verified-store listing.	Edit title/photos.	Store Owner	E2E	Automated	L117-L137	BUILD
DASH-001	Particular Dashboard	P0	Blocking	Pass	Account shows all owned listing states	All owned listings are represented with correct status.	Owner manual production acceptance PASS — 2026-09-15		Management	Particular owns approved/pending/rejected/hidden/sold listings.	Open `/mi-cuenta`.	Particular	E2E	Automated	L99-L115	MODIFY
DASH-002	Particular Dashboard	P1	Blocking	Pass	Dashboard opens listing management action	Correct listing/manage route opens.	Owner manual production acceptance PASS — 2026-09-15		Management	Owned listing exists.	Open from account table.	Particular	E2E	Automated	L99-L115	MODIFY
DASH-003	Particular Dashboard	P0	Blocking	Pass	Dashboard shows rejection reason	Reason is visible to owner.	Owner manual production acceptance PASS — 2026-09-15		Management	Rejected listing with reason.	Open account.	Particular	E2E	Automated	L99-L115	MODIFY
DASH-004	Particular Dashboard	P1	Blocking	Pass	Dashboard offers hide action where valid	Hide/unpublish is available.	Owner manual production acceptance PASS — 2026-09-15		Management	Approved listing.	Inspect actions.	Particular	E2E	Automated	L99-L115	MODIFY
DASH-005	Particular Dashboard	P1	Blocking	Pass	Dashboard offers sold action where valid	Mark sold is available.	Owner manual production acceptance PASS — 2026-09-15		Management	Approved listing.	Inspect actions.	Particular	E2E	Automated	L99-L115	MODIFY
DASH-006	Particular Dashboard	P1	Blocking	Pass	Dashboard offers relist for sold listing	Relistar is available; direct restore is not.	Owner manual production acceptance PASS — 2026-09-15		Management	Sold listing.	Inspect actions.	Particular	E2E	Automated	L99-L115	MODIFY
DASH-007	Particular Dashboard	P0	Blocking	Pass	Dashboard has no fake metric values	Metrics are real or clearly empty; no placeholder analytics presented as factual.	Owner manual production acceptance PASS — 2026-09-15		Management	Logged-in Particular.	Inspect analytics cards before/with data.	Particular	Manual	Both	L99-L115	MODIFY
SANA-001	Analytics	P1	Blocking	Pass	Per-listing view count is displayed	Displayed view count matches analytics source.	Automated local aggregate SQL/HTTP/component/browser regression PASS — 2026-09-17; complete owner inventory, real lifetime/7/30 metrics, dates, current state and privacy.; Production automated aggregate HTTP/DB/actual-browser proof PASS — 2026-09-17 (427ac8e); full owned inventory, historical/event windows, real/zero metrics and publication/sold metadata.		Seller analytics	Owned listing has views.	Open seller analytics.	Particular	Integration	Automated	L111-L115,L205-L215	BUILD
SANA-002	Analytics	P1	Blocking	Pass	Per-listing favorite count is displayed	Count matches stored favorite data.	Automated local SQL/API/component/browser aggregate regression PASS — 2026-09-18; real favorite relations/actions/rate, no buyer directory.; Automated production API/RLS/actual-browser smoke PASS — 2026-09-18 (516bf45); owner usability retest pending.; Owner manual production acceptance PASS — 2026-09-18		Seller analytics	Owned listing has favorites.	Open analytics.	Particular	Integration	Automated	L111-L115,L205-L215	BUILD
SANA-003	Analytics	P0	Blocking	Pass	Per-listing WhatsApp contact count is displayed	Count matches qualifying events.	Automated local aggregate SQL/HTTP/component/browser regression PASS — 2026-09-17; complete owner inventory, real lifetime/7/30 metrics, dates, current state and privacy.; Production automated aggregate HTTP/DB/actual-browser proof PASS — 2026-09-17 (427ac8e); full owned inventory, historical/event windows, real/zero metrics and publication/sold metadata.		Seller analytics	Owned listing has contact events.	Open analytics.	Particular	Integration	Automated	L111-L115,L205-L215	BUILD
SANA-004	Analytics	P1	Blocking	Pass	Per-listing publication date/status/sold state display correctly	Metadata matches listing lifecycle.	Automated local aggregate SQL/HTTP/component/browser regression PASS — 2026-09-17; complete owner inventory, real lifetime/7/30 metrics, dates, current state and privacy.; Production automated aggregate HTTP/DB/actual-browser proof PASS — 2026-09-17 (427ac8e); full owned inventory, historical/event windows, real/zero metrics and publication/sold metadata.		Seller analytics	Mixed listings.	Open analytics.	Particular	E2E	Automated	L111-L115,L205-L215	BUILD
SANA-005	Analytics	P1	Blocking	Pass	Account active-listing aggregate is correct	Only active definition used by product is counted consistently.	Automated local aggregate SQL/HTTP/component/browser regression PASS — 2026-09-17; complete owner inventory, real lifetime/7/30 metrics, dates, current state and privacy.; Production automated aggregate HTTP/DB/actual-browser proof PASS — 2026-09-17 (427ac8e); full owned inventory, historical/event windows, real/zero metrics and publication/sold metadata.		Seller analytics	Owned mixed states.	Compare dashboard total with DB.	Particular	Integration	Automated	L111-L115,L205-L215	BUILD
SANA-006	Analytics	P1	Blocking	Pass	Account total views aggregate is correct	Aggregate equals underlying records/events.	Automated local aggregate SQL/HTTP/component/browser regression PASS — 2026-09-17; complete owner inventory, real lifetime/7/30 metrics, dates, current state and privacy.; Production automated aggregate HTTP/DB/actual-browser proof PASS — 2026-09-17 (427ac8e); full owned inventory, historical/event windows, real/zero metrics and publication/sold metadata.		Seller analytics	Multiple owned listings with views.	Compare.	Particular	Integration	Automated	L111-L115,L205-L215	BUILD
SANA-007	Analytics	P1	Blocking	Pass	Account favorites aggregate is correct	Aggregate is correct.	Automated local SQL/API/component/browser aggregate regression PASS — 2026-09-18; real favorite relations/actions/rate, no buyer directory.; Automated production API/RLS/actual-browser smoke PASS — 2026-09-18 (516bf45); owner usability retest pending.; Owner manual production acceptance PASS — 2026-09-18		Seller analytics	Favorites across listings.	Compare.	Particular	Integration	Automated	L111-L115,L205-L215	BUILD
SANA-008	Analytics	P0	Blocking	Pass	Account WhatsApp contacts aggregate is correct	Aggregate is correct without message-content data.	Automated local aggregate SQL/HTTP/component/browser regression PASS — 2026-09-17; complete owner inventory, real lifetime/7/30 metrics, dates, current state and privacy.; Production automated aggregate HTTP/DB/actual-browser proof PASS — 2026-09-17 (427ac8e); full owned inventory, historical/event windows, real/zero metrics and publication/sold metadata.		Seller analytics	Contact events across listings.	Compare.	Particular	Integration	Automated	L111-L115,L205-L215	BUILD
SANA-009	Analytics	P1	Blocking	Pass	Sold listings aggregate is correct	Sold count equals lifecycle records.	Automated local aggregate SQL/HTTP/component/browser regression PASS — 2026-09-17; complete owner inventory, real lifetime/7/30 metrics, dates, current state and privacy.; Production automated aggregate HTTP/DB/actual-browser proof PASS — 2026-09-17 (427ac8e); full owned inventory, historical/event windows, real/zero metrics and publication/sold metadata.		Seller analytics	Several sold listings.	Compare.	Particular	Integration	Automated	L111-L115,L205-L215	BUILD
SANA-010	Analytics	P0	Blocking	Pass	Revenue is not fabricated	No invented revenue/GMV is displayed.	BLOCKED — owner production visual acceptance of the new analytics remains required after release; automated local rendering excludes fabricated revenue/GMV.; Owner manual production acceptance PASS — 2026-09-17		Seller analytics	Transactions occur off-platform.	Inspect dashboards.	Particular	Manual	Manual	L111-L115,L205-L215	BUILD
STORE-001	Stores	P0	Blocking	Pass	Store owner account can be created separately	Profile uses store-owner role and is not a Particular account.	Automated local SQL/API integration PASS — 2026-09-10		Owner account & application	Unique email.	Complete store-owner account setup.	Store Owner	E2E	Automated	L139-L154	MODIFY
STORE-002	Stores	P0	Blocking	Pass	One V1 store is bound to its owner account	Store owner_user_id/membership links correctly.	Automated local SQL/API integration PASS — 2026-09-10		Owner account & application	Store-owner account.	Complete application.	Store Owner	DB/RLS	Automated	L139-L154	MODIFY
STORE-003	Stores	P0	Blocking	Pass	Store application requires RUC	Submission blocked.	Automated local SQL/API integration PASS — 2026-09-10		Owner account & application	Store owner logged in.	Submit without RUC.	Store Owner	E2E	Automated	L139-L154	MODIFY
STORE-004	Stores	P0	Blocking	Pass	Store application requires business identity/razon social	Submission blocked.	Automated local SQL/API integration PASS — 2026-09-10		Owner account & application	Store owner logged in.	Omit required business identity.	Store Owner	E2E	Automated	L139-L154	MODIFY
STORE-005	Stores	P1	Blocking	Pass	Store application requires email	Submission blocked.	Automated local SQL/API integration PASS — 2026-09-10		Owner account & application	Store owner logged in.	Omit email.	Store Owner	E2E	Automated	L139-L154	MODIFY
STORE-006	Stores	P1	Blocking	Pass	Store application requires phone	Submission blocked.	Automated local SQL/API integration PASS — 2026-09-10		Owner account & application	Store owner logged in.	Omit phone.	Store Owner	E2E	Automated	L139-L154	MODIFY
STORE-007	Stores	P1	Blocking	Pass	Store application requires physical address	Submission blocked.	Automated local SQL/API integration PASS — 2026-09-10		Owner account & application	Store owner logged in.	Omit address.	Store Owner	E2E	Automated	L139-L154	MODIFY
STORE-008	Stores	P1	Blocking	Pass	Store application requires geographic location	Submission blocked.	Automated local SQL/API integration PASS — 2026-09-10		Owner account & application	Store owner logged in.	Omit required location.	Store Owner	E2E	Automated	L139-L154	MODIFY
STORE-009	Stores	P1	Blocking	Pass	Store application requires contact person	Submission blocked.	Automated local SQL/API integration PASS — 2026-09-10		Owner account & application	Store owner logged in.	Omit contact person.	Store Owner	E2E	Automated	L139-L154	MODIFY
STORE-010	Stores	P2	Non-blocking	Pass	Optional store photos can be submitted	Application accepts and stores them.	Automated local SQL/API integration PASS — 2026-09-10		Owner account & application	Valid application.	Attach valid optional store photos.	Store Owner	E2E	Automated	L139-L154	MODIFY
STORE-011	Stores	P1	Blocking	Pass	Optional logo/banner/socials can be omitted	Application succeeds without optional assets/socials.	Automated local SQL/API integration PASS — 2026-09-10		Owner account & application	Valid required data only.	Submit.	Store Owner	E2E	Automated	L139-L154	MODIFY
STORE-012	Stores	P1	Blocking	Pass	Optional logo/banner/socials save when provided	Values/assets persist and render when public.	Automated local SQL/API integration PASS — 2026-09-10		Owner account & application	Valid application with optional fields.	Submit.	Store Owner	E2E	Automated	L139-L154	MODIFY
STORE-013	Stores	P0	Blocking	Pass	Duplicate RUC is rejected	Duplicate store is not silently created.	Automated local SQL/API integration PASS — 2026-09-10		Owner account & application	Existing store with same RUC.	Submit another application.	Store Owner	DB	Automated	L139-L154	MODIFY
STORE-014	Stores	P0	Blocking	Pass	RUC uniqueness is concurrency-safe	At most one succeeds; database constraint/invariant holds.	Automated local SQL/API integration PASS — 2026-09-10		Owner account & application	Two simultaneous applications with same new RUC.	Submit concurrently.	Store Owner	DB/Concurrency	Automated	L139-L154	MODIFY
STORE-015	Stores	P0	Blocking	Pass	Store page is not public before basic admin approval	Public page is not exposed.	Automated local SQL/API integration PASS — 2026-09-10		Owner account & application	Pending store.	Open public slug.	Anonymous	E2E	Automated	L139-L154	MODIFY
STORE-016	Stores	P0	Blocking	Pass	Pending store owner may submit listings	Submission is accepted into normal moderation if within cap.	Automated local SQL/API integration PASS — 2026-09-10		Owner account & application	Store application pending.	Create inventory listing.	Store Owner	E2E	Automated	L139-L154	MODIFY
STORE-017	Stores	P0	Blocking	Pass	Store owner cannot manage another store	Denied.	Automated local SQL/API integration PASS — 2026-09-10		Owner account & application	Two stores/owners.	Owner A attempts B store update.	Store Owner	DB/RLS	Automated	L139-L154	MODIFY
VERIFY-001	Stores	P0	Blocking	Pass	Basic admin approval makes store public as Tienda	Store page becomes public with Tienda label.	Automated local SQL/integration PASS — 2026-09-10		Approval & verification	Pending valid store.	Admin approves.	Admin	E2E	Automated	L156-L165	MODIFY
VERIFY-002	Stores	P0	Blocking	Pass	Normal Tienda listings still require moderation	Listing enters pending rather than direct approved.	Automated local SQL/integration PASS — 2026-09-10		Approval & verification	Active nonverified store.	Submit valid listing.	Store Owner	E2E	Automated	L156-L165	MODIFY
VERIFY-003	Stores	P0	Blocking	Pass	Admin can mark eligible store Tienda Verificada	is_verified/public trust state changes; direct-publication privilege enabled.	Automated local SQL/integration PASS — 2026-09-10		Approval & verification	Active store with verification data.	Admin verifies.	Admin	E2E	Automated	L156-L165	MODIFY
VERIFY-004	Stores	P0	Blocking	Pass	Verified store can publish qualifying new listing directly	Listing becomes approved/public without per-listing admin moderation.	Automated local SQL/integration PASS — 2026-09-10		Approval & verification	Verified store within cap.	Submit valid listing.	Store Owner	E2E	Automated	L156-L165	MODIFY
VERIFY-005	Stores	P0	Blocking	Pass	Verification auto-approves current pending store listings	All qualifying/current pending listings for that store become approved.	Automated local SQL/integration PASS — 2026-09-10		Approval & verification	Store has several pending listings.	Admin verifies store.	Admin	DB/Integration	Automated	L156-L165	MODIFY
VERIFY-006	Stores	P0	Blocking	Pass	Verification does not resurrect rejected listings	Rejected remains rejected.	Automated local SQL/integration PASS — 2026-09-10		Approval & verification	Store has rejected listing.	Verify store.	Admin	DB	Automated	L156-L165	MODIFY
VERIFY-007	Stores	P0	Blocking	Pass	Verification does not resurrect hidden listings	Hidden remains hidden.	Automated local SQL/integration PASS — 2026-09-10		Approval & verification	Store has hidden listing.	Verify store.	Admin	DB	Automated	L156-L165	MODIFY
VERIFY-008	Stores	P0	Blocking	Pass	Verification does not alter sold listings	Sold remains sold/history intact.	Automated local SQL/integration PASS — 2026-09-10		Approval & verification	Store has sold listing.	Verify store.	Admin	DB	Automated	L156-L165	MODIFY
VERIFY-009	Stores	P0	Blocking	Pass	Verification transition is atomic with pending inventory approval	No half-verified inconsistent state; invariant holds.	Automated local SQL/integration PASS — 2026-09-10		Approval & verification	Store with pending inventory.	Force concurrent/partial failure around verification.	Admin	DB/Concurrency	Automated	L156-L165	MODIFY
VERIFY-010	Stores	P0	Blocking	Pass	Revoking verification removes direct-publication privilege	Existing approved inventory stays approved; new listing requires moderation.	Automated local SQL/integration PASS — 2026-09-10		Approval & verification	Verified store.	Admin revokes; submit next listing.	Admin	E2E	Automated	L156-L165	MODIFY
VERIFY-011	Stores	P0	Blocking	Pass	Revoking verification does not hide approved listings	Previously approved listings remain public.	Automated local SQL/integration PASS — 2026-09-10		Approval & verification	Verified store with public inventory.	Revoke.	Admin	E2E	Automated	L156-L165	MODIFY
VERIFY-012	Stores	P1	Blocking	Pass	Exactly two public trust labels are used	Only Tienda and Tienda Verificada semantics are presented.	Owner manual production acceptance PASS — 2026-09-13		Approval & verification	Normal and verified stores exist.	Inspect public cards/pages.	Anonymous	Manual	Manual	L156-L165	MODIFY
VERIFY-013	Stores	P0	Blocking	Pass	Verification UI does not imply payment guarantee	Verification is framed as business identity/direct-publication trust, not transaction guarantee.	Owner manual production acceptance PASS — 2026-09-13		Approval & verification	Verified store.	Inspect badge/help copy.	Anonymous	Manual	Manual	L156-L165	MODIFY
CAP-001	Stores	P0	Blocking	Pass	Store can have 50 concurrent pending/approved listings	50th concurrent listing succeeds.	Automated local SQL/concurrency integration PASS — 2026-09-10		50 concurrent listing cap	Store has 49 concurrent.	Submit one valid listing.	Store Owner	Integration	Automated	L167-L171	BUILD
CAP-002	Stores	P0	Blocking	Pass	51st concurrent listing is rejected gracefully	Rejected with clear cap message; no partial finalization.	Automated local SQL/concurrency integration PASS — 2026-09-10		50 concurrent listing cap	Store has 50 concurrent.	Submit another.	Store Owner	Integration	Automated	L167-L171	BUILD
CAP-003	Stores	P0	Blocking	Pass	Pending listings count toward cap	Pending contributes to concurrent count.	Automated local SQL/concurrency integration PASS — 2026-09-10		50 concurrent listing cap	Store near cap.	Add pending listing then another.	Store Owner	DB	Automated	L167-L171	BUILD
CAP-004	Stores	P0	Blocking	Pass	Approved listings count toward cap	Approved contributes to cap.	Automated local SQL/concurrency integration PASS — 2026-09-10		50 concurrent listing cap	Store near cap.	Approve inventory then submit.	Store Owner	DB	Automated	L167-L171	BUILD
CAP-005	Stores	P0	Blocking	Pass	Sold listings do not count	New slot is available.	Automated local SQL/concurrency integration PASS — 2026-09-10		50 concurrent listing cap	Store at cap; mark one sold.	Submit replacement.	Store Owner	Integration	Automated	L167-L171	BUILD
CAP-006	Stores	P1	Blocking	Pass	Rejected listings do not count	Rejected rows do not consume concurrent capacity.	Automated local SQL/concurrency integration PASS — 2026-09-10		50 concurrent listing cap	Store has rejected inventory.	Calculate/submit.	Store Owner	DB	Automated	L167-L171	BUILD
CAP-007	Stores	P1	Blocking	Pass	Archived listings do not count	Archived rows do not consume cap.	Automated local SQL/concurrency integration PASS — 2026-09-10		50 concurrent listing cap	Store has archived inventory.	Calculate/submit.	Store Owner	DB	Automated	L167-L171	BUILD
CAP-008	Stores	P0	Blocking	Pass	Hidden listings do not count while hidden	Hidden row frees a concurrent slot.	Automated local SQL/concurrency integration PASS — 2026-09-10		50 concurrent listing cap	Store at cap; hide one.	Submit new.	Store Owner	Integration	Automated	L167-L171	BUILD
CAP-009	Stores	P0	Blocking	Pass	Restoring hidden listing fails at full cap	Restore fails gracefully without exceeding 50.	Automated local SQL/concurrency integration PASS — 2026-09-10		50 concurrent listing cap	Store has 50 concurrent plus hidden listing.	Attempt restore hidden.	Store Owner	Integration	Automated	L167-L171	BUILD
CAP-010	Stores	P0	Blocking	Pass	Concurrent submissions cannot exceed 50	Atomic enforcement permits at most one additional concurrent listing.	Automated local SQL/concurrency integration PASS — 2026-09-10		50 concurrent listing cap	Store at 49; two simultaneous submissions.	Submit concurrently.	Store Owner	DB/Concurrency	Automated	L167-L171	BUILD
CAP-011	Stores	P0	Blocking	Pass	Verification auto-approval cannot bypass cap invariant	Result never creates >50 concurrent eligible rows unexpectedly.	Automated local SQL/concurrency integration PASS — 2026-09-10		50 concurrent listing cap	Pending/approved mix near cap.	Verify store.	Admin	DB/Concurrency	Automated	L167-L171	BUILD
SDASH-001	Store Dashboard	P0	Blocking	Pass	Store owner sees own store profile and inventory	Correct store and all manageable inventory states shown.	Owner manual production retest PASS — 2026-09-13		Management & analytics	Owned store exists.	Open dashboard.	Store Owner	E2E	Automated	L173-L177	BUILD
SDASH-002	Store Dashboard	P0	Blocking	Not Run	Store owner can edit allowed business/contact fields	Changes persist; protected admin fields cannot be changed.			Management & analytics	Owned store.	Edit allowed profile fields.	Store Owner	E2E	Automated	L173-L177	BUILD
SDASH-003	Store Dashboard	P1	Blocking	Not Run	Store owner can manage logo/banner/photos/social links	Changes persist within allowed rules.			Management & analytics	Owned store.	Add/change/remove supported optional assets/links.	Store Owner	E2E	Automated	L173-L177	BUILD
SDASH-004	Store Dashboard	P0	Blocking	Pass	Store owner sees moderation reasons	Reasons/statuses visible.	Owner manual production acceptance PASS — 2026-09-15		Management & analytics	Rejected/pending items with reasons.	Open dashboard.	Store Owner	E2E	Automated	L173-L177	BUILD
SDASH-005	Store Dashboard	P0	Blocking	Pass	Store owner can mark listing sold	Lifecycle updates correctly.	Owner manual production acceptance PASS — 2026-09-15		Management & analytics	Owned approved store listing.	Mark sold.	Store Owner	E2E	Automated	L173-L177	BUILD
SDASH-006	Store Dashboard	P1	Blocking	Pass	Store owner can hide/unpublish listing	Public inventory updates correctly.	Owner manual production acceptance PASS — 2026-09-15		Management & analytics	Owned approved listing.	Hide.	Store Owner	E2E	Automated	L173-L177	BUILD
SDASH-007	Store Dashboard	P0	Blocking	Pass	Store owner can relist sold item	Copy behavior respects Tienda/Verificada moderation rules.	Owner manual production acceptance PASS — 2026-09-15		Management & analytics	Sold store listing.	Relist.	Store Owner	E2E	Automated	L173-L177	BUILD
SDASH-008	Store Dashboard	P0	Blocking	Pass	Store analytics totals match listing event data	Impressions/views/favorites/contacts/sold totals reconcile.	Automated local SQL/API/component/browser aggregate regression PASS — 2026-09-18; real favorite relations/actions/rate, no buyer directory.; Automated production API/RLS/actual-browser smoke PASS — 2026-09-18 (516bf45); owner usability retest pending.; Owner manual production acceptance PASS — 2026-09-18		Management & analytics	Store with events.	Open aggregate analytics.	Store Owner	Integration	Automated	L173-L177	BUILD
SDASH-009	Store Dashboard	P1	Blocking	Pass	Store conversion ratios use meaningful denominators	Ratios are mathematically consistent and avoid divide-by-zero errors.	Automated local aggregate SQL/API/browser proof PASS — 2026-09-17; recorded-only denominators, lifetime/7/30 windows, genuine null rates and mobile rendering.; Production automated grouped aggregate and actual-browser proof PASS — 2026-09-17 (427ac8e); Store 0/7/30 real/zero ratios, null denominators and mobile active navigation.		Management & analytics	Store with known event counts.	Inspect conversion metrics.	Store Owner	Unit/Integration	Automated	L173-L177	BUILD
SDASH-010	Store Dashboard	P0	Blocking	Pass	Store dashboard never invents revenue	No revenue/GMV figures are fabricated.	Owner manual production acceptance PASS — 2026-09-15		Management & analytics	Off-platform sales only.	Inspect dashboard.	Store Owner	Manual	Manual	L173-L177	BUILD
FAV-001	Buyer Features	P0	Blocking	Pass	Authenticated user can favorite approved listing	Favorite persists and UI reflects saved state.	Automated local SQL/API/actual-browser favorites acceptance PASS — 2026-09-18.; Automated production API/RLS/actual-browser smoke PASS — 2026-09-18 (516bf45); owner usability retest pending.; Owner manual production acceptance PASS — 2026-09-18		Favorites	Logged-in Particular; approved listing.	Click favorite.	Particular	E2E	Automated	L179-L187	BUILD
FAV-002	Buyer Features	P1	Blocking	Pass	Authenticated user can unfavorite listing	Favorite row/state removed.	Automated local SQL/API/actual-browser favorites acceptance PASS — 2026-09-18.; Automated production API/RLS/actual-browser smoke PASS — 2026-09-18 (516bf45); owner usability retest pending.; Owner manual production acceptance PASS — 2026-09-18		Favorites	Favorite exists.	Remove favorite.	Particular	E2E	Automated	L179-L187	BUILD
FAV-003	Buyer Features	P0	Blocking	Pass	Anonymous favorite action prompts/requires account	No anonymous persistent favorite is created; user is guided to login.	Automated local SQL/API/actual-browser favorites acceptance PASS — 2026-09-18.; Automated production API/RLS/actual-browser smoke PASS — 2026-09-18 (516bf45); owner usability retest pending.; Owner manual production acceptance PASS — 2026-09-18		Favorites	No session.	Attempt favorite.	Anonymous	E2E	Automated	L179-L187	BUILD
FAV-004	Buyer Features	P1	Blocking	Pass	Duplicate favorite action is idempotent	Only one favorite relation exists.	Automated local SQL/API/actual-browser favorites acceptance PASS — 2026-09-18.; Automated production API/RLS/actual-browser smoke PASS — 2026-09-18 (516bf45); owner usability retest pending.		Favorites	Favorite already exists.	Repeat add/request.	Particular	DB/API	Automated	L179-L187	BUILD
FAV-005	Buyer Features	P0	Blocking	Pass	Favorites account view lists saved items	Saved listings shown accurately.	Automated local SQL/API/actual-browser favorites acceptance PASS — 2026-09-18.; Automated production API/RLS/actual-browser smoke PASS — 2026-09-18 (516bf45); owner usability retest pending.; Owner manual production acceptance PASS — 2026-09-18		Favorites	User has favorites.	Open favorites.	Particular	E2E	Automated	L179-L187	BUILD
FAV-006	Buyer Features	P1	Blocking	Pass	Favorite state appears on listing detail	Control reflects favorited state.	Automated local SQL/API/actual-browser favorites acceptance PASS — 2026-09-18.; Automated production API/RLS/actual-browser smoke PASS — 2026-09-18 (516bf45); owner usability retest pending.; Owner manual production acceptance PASS — 2026-09-18		Favorites	Favorite exists.	Open detail.	Particular	E2E	Automated	L179-L187	BUILD
FAV-007	Buyer Features	P1	Blocking	Pass	Favorite state appears on supported listing cards	Supported cards reflect favorited state.	Automated local SQL/API/actual-browser favorites acceptance PASS — 2026-09-18.; Automated production API/RLS/actual-browser smoke PASS — 2026-09-18 (516bf45); owner usability retest pending.; Owner manual production acceptance PASS — 2026-09-18		Favorites	Favorite exists.	Browse catalog.	Particular	E2E	Automated	L179-L187	BUILD
FAV-008	Buyer Features	P1	Blocking	Pass	Sold favorite remains in history with sold state	Item remains recognizable and marked unavailable/sold.	Automated local SQL/API/actual-browser favorites acceptance PASS — 2026-09-18.; Automated production API/RLS/actual-browser smoke PASS — 2026-09-18 (516bf45); owner usability retest pending.; Owner manual production acceptance PASS — 2026-09-18		Favorites	Favorited listing becomes sold.	Open favorites.	Particular	E2E	Automated	L179-L187	BUILD
FAV-009	Buyer Features	P1	Blocking	Pass	Hidden favorite remains in history with availability state	Item history is preserved where intended and current availability is clear.	Automated local SQL/API/actual-browser favorites acceptance PASS — 2026-09-18.; Automated production API/RLS/actual-browser smoke PASS — 2026-09-18 (516bf45); owner usability retest pending.; Owner manual production acceptance PASS — 2026-09-18		Favorites	Favorited listing becomes hidden.	Open favorites.	Particular	E2E	Automated	L179-L187	BUILD
FAV-010	Buyer Features	P0	Blocking	Pass	User cannot read another user's favorites	RLS prevents cross-user favorite exposure.	Automated local SQL/API/actual-browser favorites acceptance PASS — 2026-09-18.; Automated production API/RLS/actual-browser smoke PASS — 2026-09-18 (516bf45); owner usability retest pending.		Favorites	Two users.	Attempt data access.	Particular	DB/RLS	Automated	L179-L187	BUILD
PDA-001	Buyer Features	P0	Blocking	Pass	Price decrease on favorited approved listing creates eligible alert	Notification event is created/sent once for new lower price.	Automated local SQL/API price-drop regression PASS — 2026-09-18; in-app only, no email delivery claim.; Automated production API/RLS in-app price-drop smoke PASS — 2026-09-18 (516bf45); no email claim; owner usability retest pending.; Owner manual production acceptance PASS — 2026-09-18		Price-drop alerts	User favorites approved listing.	Seller lowers public price.	Particular	Integration	Automated	L185-L188	BUILD
PDA-002	Buyer Features	P1	Blocking	Pass	No alert when price unchanged	No price-drop notification.	Automated local SQL/API price-drop regression PASS — 2026-09-18; in-app only, no email delivery claim.; Automated production API/RLS in-app price-drop smoke PASS — 2026-09-18 (516bf45); no email claim; owner usability retest pending.; Owner manual production acceptance PASS — 2026-09-18		Price-drop alerts	Favorited listing.	Save same price.	Particular	Integration	Automated	L185-L188	BUILD
PDA-003	Buyer Features	P1	Blocking	Pass	No alert when price increases	No price-drop notification.	Automated local SQL/API price-drop regression PASS — 2026-09-18; in-app only, no email delivery claim.; Automated production API/RLS in-app price-drop smoke PASS — 2026-09-18 (516bf45); no email claim; owner usability retest pending.		Price-drop alerts	Favorited listing.	Raise price.	Particular	Integration	Automated	L185-L188	BUILD
PDA-004	Buyer Features	P0	Blocking	Pass	Same reduced price does not alert repeatedly	No duplicate alert.	Automated local SQL/API price-drop regression PASS — 2026-09-18; in-app only, no email delivery claim.; Automated production API/RLS in-app price-drop smoke PASS — 2026-09-18 (516bf45); no email claim; owner usability retest pending.; Owner manual production acceptance PASS — 2026-09-18		Price-drop alerts	Price drop already notified.	Re-save unchanged reduced price.	Particular	Integration	Automated	L185-L188	BUILD
PDA-005	Buyer Features	P1	Blocking	Pass	Second later price drop can alert again	New lower-price event can notify once.	Automated local SQL/API price-drop regression PASS — 2026-09-18; in-app only, no email delivery claim.; Automated production API/RLS in-app price-drop smoke PASS — 2026-09-18 (516bf45); no email claim; owner usability retest pending.; Owner manual production acceptance PASS — 2026-09-18		Price-drop alerts	Earlier drop notified; price later reduced further.	Reduce again.	Particular	Integration	Automated	L185-L188	BUILD
PDA-006	Buyer Features	P0	Blocking	Pass	Pending listing price change does not alert	No price-drop email.	Automated local SQL/API price-drop regression PASS — 2026-09-18; in-app only, no email delivery claim.; Automated production API/RLS in-app price-drop smoke PASS — 2026-09-18 (516bf45); no email claim; owner usability retest pending.		Price-drop alerts	Favorited/history relation; listing pending/nonpublic.	Change price.	Particular	Integration	Automated	L185-L188	BUILD
PDA-007	Buyer Features	P0	Blocking	Pass	Rejected listing price change does not alert	No alert.	Automated local SQL/API price-drop regression PASS — 2026-09-18; in-app only, no email delivery claim.; Automated production API/RLS in-app price-drop smoke PASS — 2026-09-18 (516bf45); no email claim; owner usability retest pending.		Price-drop alerts	Rejected listing.	Change internal price.	Particular	Integration	Automated	L185-L188	BUILD
PDA-008	Buyer Features	P0	Blocking	Pass	Hidden listing price change does not alert	No alert while hidden.	Automated local SQL/API price-drop regression PASS — 2026-09-18; in-app only, no email delivery claim.; Automated production API/RLS in-app price-drop smoke PASS — 2026-09-18 (516bf45); no email claim; owner usability retest pending.		Price-drop alerts	Hidden favorited listing.	Change price.	Particular	Integration	Automated	L185-L188	BUILD
PDA-009	Buyer Features	P1	Blocking	Deferred	Price-drop email links to correct listing	Correct listing destination opens with current availability.	Deferred to Sprint 7 centralized email delivery; Sprint 5 in-app destination tests do not prove this email case.		Price-drop alerts	Eligible alert sent.	Open email link.	Particular	E2E	Both	L185-L188	BUILD
ALERT-001	Buyer Features	P0	Blocking	Not Run	Authenticated user can save exact search state	Saved alert captures supported query/filter state accurately.			Search alerts	Logged-in user with filters/query.	Create alert.	Particular	E2E	Automated	L189-L193	BUILD
ALERT-002	Buyer Features	P0	Blocking	Not Run	Anonymous user cannot create persistent search alert	Login/account required.			Search alerts	No session.	Attempt create alert.	Anonymous	E2E	Automated	L189-L193	BUILD
ALERT-003	Buyer Features	P0	Blocking	Not Run	Immediate alert fires for newly public matching listing	User receives one immediate notification shortly after public availability.			Search alerts	Immediate alert exists.	Approve/publish matching new listing.	Particular	Integration	Both	L189-L193	BUILD
ALERT-004	Buyer Features	P0	Blocking	Not Run	Immediate alert does not fire for nonmatching listing	No notification.			Search alerts	Immediate alert exists.	Publish nonmatching listing.	Particular	Integration	Automated	L189-L193	BUILD
ALERT-005	Buyer Features	P0	Blocking	Not Run	Daily digest bundles multiple new matches	Single digest contains eligible new matches.			Search alerts	Daily alert exists; several new matches.	Run daily job.	Particular	Integration	Both	L189-L193	BUILD
ALERT-006	Buyer Features	P0	Blocking	Not Run	Daily digest sends no empty email	No email sent.			Search alerts	Daily alert; no new matches.	Run scheduled job.	Particular	Integration	Automated	L189-L193	BUILD
ALERT-007	Buyer Features	P0	Blocking	Not Run	Same user-alert-listing is not notified twice	Dedup prevents repeat.			Search alerts	Alert has already notified listing.	Run alert evaluation again.	Particular	Integration	Automated	L189-L193	BUILD
ALERT-008	Buyer Features	P0	Blocking	Not Run	Pending listing does not trigger alert	No alert until it becomes public.			Search alerts	Matching pending listing.	Run evaluation.	Particular	Integration	Automated	L189-L193	BUILD
ALERT-009	Buyer Features	P0	Blocking	Not Run	Rejected listing does not trigger alert	No alert.			Search alerts	Matching rejected listing.	Run evaluation.	Particular	Integration	Automated	L189-L193	BUILD
ALERT-010	Buyer Features	P0	Blocking	Not Run	Hidden listing does not trigger new alert	No alert.			Search alerts	Matching hidden listing.	Run evaluation.	Particular	Integration	Automated	L189-L193	BUILD
ALERT-011	Buyer Features	P0	Blocking	Not Run	Listing triggers only when first newly public for alert semantics	No repeated new-listing notification.			Search alerts	Matching listing lifecycle.	Publish/re-save/revisit without genuinely new public event.	Particular	Integration	Automated	L189-L193	BUILD
ALERT-012	Buyer Features	P1	Blocking	Not Run	User can pause alert	No notifications while paused.			Search alerts	Active alert.	Pause then publish match.	Particular	E2E	Automated	L189-L193	BUILD
ALERT-013	Buyer Features	P1	Blocking	Not Run	User can resume paused alert without duplicate history	Future eligible matches notify; prior matches not replayed improperly.			Search alerts	Paused alert with prior notifications.	Resume.	Particular	Integration	Automated	L189-L193	BUILD
ALERT-014	Buyer Features	P1	Blocking	Not Run	User can delete alert	Alert removed; no future notification.			Search alerts	Saved alert.	Delete then publish match.	Particular	E2E	Automated	L189-L193	BUILD
ALERT-015	Buyer Features	P1	Blocking	Not Run	Alert email deep-links correctly	Correct matching destination/filter state opens.			Search alerts	Alert email exists.	Open listing/search links.	Particular	E2E	Both	L189-L193	BUILD
ALERT-016	Buyer Features	P0	Blocking	Not Run	Alert cannot expose another user's saved search	RLS/authorization isolates alerts.			Search alerts	Two users.	Attempt direct data query.	Particular	DB/RLS	Automated	L189-L193	BUILD
SEO-001	Discovery	P0	Blocking	Not Run	Real category page resolves without colliding with listing slug	Both route to correct content.			Category SEO pages	Category route and listing slugs exist.	Open `/instrumentos/guitarras` and representative listing detail.	Anonymous	E2E	Automated	L195-L198	BUILD
SEO-002	Discovery	P1	Blocking	Not Run	Guitar category page uses real listing system	Real filtered inventory appears, not static fake items.			Category SEO pages	Approved guitar inventory exists.	Open category page.	Anonymous	E2E	Automated	L195-L198	BUILD
SEO-003	Discovery	P1	Blocking	Not Run	Drum category page uses real listing system	Real filtered inventory appears.			Category SEO pages	Approved drum inventory exists.	Open category page.	Anonymous	E2E	Automated	L195-L198	BUILD
SEO-004	Discovery	P1	Blocking	Not Run	Microphone category page uses real listing system	Real filtered inventory appears.			Category SEO pages	Approved microphone inventory exists.	Open category page.	Anonymous	E2E	Automated	L195-L198	BUILD
SEO-005	Discovery	P1	Blocking	Not Run	Category filters/pagination remain functional	URL-driven marketplace behavior remains correct.			Category SEO pages	Many category listings.	Filter and paginate category page.	Anonymous	E2E	Automated	L195-L198	BUILD
SEO-006	Discovery	P1	Blocking	Not Run	Category page is indexable when appropriate	Eligible category page is indexable and has category-specific metadata.			Category SEO pages	Production-like environment.	Inspect metadata/robots.	Anonymous	SEO	Both	L195-L198	BUILD
SEO-007	Discovery	P1	Blocking	Not Run	No fake doorway content is generated	Page provides actual useful category browsing, not thin keyword-only content.			Category SEO pages	Category page.	Inspect content.	Anonymous	Manual	Manual	L195-L198	BUILD
WA-001	Analytics	P0	Blocking	Pass	Anonymous WhatsApp click still launches contact	WhatsApp destination opens; anonymous contact remains allowed.	Automated local contact HTTP/DB/component/browser regression PASS — 2026-09-17; canonical attribution, anonymous access, click/failure destination and no message telemetry. Real WhatsApp app QA after release.; Production automated contact HTTP/DB/browser proof PASS — 2026-09-17 (427ac8e); canonical buyer/listing/seller/store/time/source, no message telemetry, failure-safe destination. Real WhatsApp app launch remains owner QA.; Owner manual production acceptance PASS — 2026-09-17		WhatsApp contact tracking	Approved listing.	Click WhatsApp while logged out.	Anonymous	E2E	Both	L199-L203	BUILD
WA-002	Analytics	P0	Blocking	Pass	Authenticated WhatsApp click launches contact and records buyer intent	Contact opens and event links buyer/listing/seller or store/timestamp.	Automated local contact HTTP/DB/component/browser regression PASS — 2026-09-17; canonical attribution, anonymous access, click/failure destination and no message telemetry. Real WhatsApp app QA after release.; Production automated contact HTTP/DB/browser proof PASS — 2026-09-17 (427ac8e); canonical buyer/listing/seller/store/time/source, no message telemetry, failure-safe destination. Real WhatsApp app launch remains owner QA.; Owner manual production acceptance PASS — 2026-09-17		WhatsApp contact tracking	Logged-in user; approved listing.	Click WhatsApp.	Particular	Integration	Automated	L199-L203	BUILD
WA-003	Analytics	P0	Blocking	Pass	Store WhatsApp event attributes store correctly	Event references correct store/listing.	Automated local contact HTTP/DB/component/browser regression PASS — 2026-09-17; canonical attribution, anonymous access, click/failure destination and no message telemetry. Real WhatsApp app QA after release.; Production automated contact HTTP/DB/browser proof PASS — 2026-09-17 (427ac8e); canonical buyer/listing/seller/store/time/source, no message telemetry, failure-safe destination. Real WhatsApp app launch remains owner QA.; Owner manual production acceptance PASS — 2026-09-17		WhatsApp contact tracking	Logged-in user; store listing.	Click contact.	Particular	Integration	Automated	L199-L203	BUILD
WA-004	Analytics	P0	Blocking	Pass	Particular WhatsApp event attributes seller correctly	Event references correct listing/seller identity.	Automated local contact HTTP/DB/component/browser regression PASS — 2026-09-17; canonical attribution, anonymous access, click/failure destination and no message telemetry. Real WhatsApp app QA after release.; Production automated contact HTTP/DB/browser proof PASS — 2026-09-17 (427ac8e); canonical buyer/listing/seller/store/time/source, no message telemetry, failure-safe destination. Real WhatsApp app launch remains owner QA.; Owner manual production acceptance PASS — 2026-09-17		WhatsApp contact tracking	Logged-in user; individual listing.	Click contact.	Particular	Integration	Automated	L199-L203	BUILD
WA-005	Analytics	P1	Blocking	Pass	Contact event records timestamp	Timestamp stored accurately enough for eligibility/audit.	Automated local contact HTTP/DB/component/browser regression PASS — 2026-09-17; canonical attribution, anonymous access, click/failure destination and no message telemetry. Real WhatsApp app QA after release.; Production automated contact HTTP/DB/browser proof PASS — 2026-09-17 (427ac8e); canonical buyer/listing/seller/store/time/source, no message telemetry, failure-safe destination. Real WhatsApp app launch remains owner QA.		WhatsApp contact tracking	Logged-in or anonymous click.	Trigger event.	All	API/DB	Automated	L199-L203	BUILD
WA-006	Analytics	P2	Non-blocking	Pass	Useful source/context can be recorded without corrupting core identity	Source/context is captured when provided; core attribution remains correct.	Automated local contact HTTP/DB/component/browser regression PASS — 2026-09-17; canonical attribution, anonymous access, click/failure destination and no message telemetry. Real WhatsApp app QA after release.; Production automated contact HTTP/DB/browser proof PASS — 2026-09-17 (427ac8e); canonical buyer/listing/seller/store/time/source, no message telemetry, failure-safe destination. Real WhatsApp app launch remains owner QA.		WhatsApp contact tracking	Open contact from supported surface.	Click.	All	Integration	Automated	L199-L203	BUILD
WA-007	Analytics	P0	Blocking	Pass	WhatsApp message content is never recorded	No message body/content is persisted as analytics data.	Automated local contact HTTP/DB/component/browser regression PASS — 2026-09-17; canonical attribution, anonymous access, click/failure destination and no message telemetry. Real WhatsApp app QA after release.; Production automated contact HTTP/DB/browser proof PASS — 2026-09-17 (427ac8e); canonical buyer/listing/seller/store/time/source, no message telemetry, failure-safe destination. Real WhatsApp app launch remains owner QA.		WhatsApp contact tracking	Click contact.	Inspect request/event schema/logs.	All	Security	Automated	L199-L203	BUILD
WA-008	Analytics	P0	Blocking	Not Run	Only authenticated contact event makes buyer eligible for verified transaction	Only authenticated contacted buyer is selectable.			WhatsApp contact tracking	Anonymous and authenticated contacts exist.	Mark listing sold and inspect eligible buyers.	Seller	Integration	Automated	L199-L203	BUILD
WA-009	Analytics	P0	Blocking	Not Run	Unrelated authenticated user is not eligible	User does not appear as eligible buyer.			WhatsApp contact tracking	User never contacted listing.	Seller marks sold.	Seller	Integration	Automated	L199-L203	BUILD
WA-010	Analytics	P1	Blocking	Not Run	Repeated contact clicks do not create duplicate eligible-buyer identities	Buyer appears once as candidate while analytics may preserve event count.			WhatsApp contact tracking	Same buyer clicks several times.	Seller marks sold.	Seller	Integration	Automated	L199-L203	BUILD
AN-001	Analytics	P1	Blocking	Pass	Listing impression event is attributable to listing	Event/aggregate attributes correct listing.	Automated local analytics SQL/HTTP/component/browser regression PASS — 2026-09-17; trusted identity, dedupe, signed search receipts and actual rendering.; Production automated event HTTP/DB/browser proof PASS — 2026-09-17 (427ac8e); visible activity, signed searches, trusted funnels, rolling concurrent dedupe and private aggregates.		Marketplace funnel	Listing appears in supported browse surface.	Render qualifying impression.	Anonymous	Integration	Automated	L205-L215	BUILD
AN-002	Analytics	P1	Blocking	Pass	Listing detail view is counted correctly	View/event count changes according to product rules, not runaway refreshes.	Automated local analytics SQL/HTTP/component/browser regression PASS — 2026-09-17; trusted identity, dedupe, signed search receipts and actual rendering.; Production automated event HTTP/DB/browser proof PASS — 2026-09-17 (427ac8e); visible activity, signed searches, trusted funnels, rolling concurrent dedupe and private aggregates.		Marketplace funnel	Approved listing.	Open detail under defined dedup logic.	Anonymous	Integration	Automated	L205-L215	BUILD
AN-003	Analytics	P1	Blocking	Pass	Favorite add/remove events reconcile with favorite state	Analytics and canonical favorite data reconcile.	Automated local SQL/API/component/browser aggregate regression PASS — 2026-09-18; real favorite relations/actions/rate, no buyer directory.; Automated production API/RLS/actual-browser smoke PASS — 2026-09-18 (516bf45); owner usability retest pending.		Marketplace funnel	Logged-in user.	Add then remove favorite.	Particular	Integration	Automated	L205-L215	BUILD
AN-004	Analytics	P1	Blocking	Pass	Search event captures supported search state	Event captures useful query/filter context without sensitive overcollection.	Automated local analytics SQL/HTTP/component/browser regression PASS — 2026-09-17; trusted identity, dedupe, signed search receipts and actual rendering.; Production automated event HTTP/DB/browser proof PASS — 2026-09-17 (427ac8e); visible activity, signed searches, trusted funnels, rolling concurrent dedupe and private aggregates.		Marketplace funnel	Run marketplace search.	Submit search.	Anonymous	Integration	Automated	L205-L215	BUILD
AN-005	Analytics	P1	Blocking	Pass	Zero-result search is identified	Zero-result event/metric recorded.	Automated local analytics SQL/HTTP/component/browser regression PASS — 2026-09-17; trusted identity, dedupe, signed search receipts and actual rendering.; Production automated event HTTP/DB/browser proof PASS — 2026-09-17 (427ac8e); visible activity, signed searches, trusted funnels, rolling concurrent dedupe and private aggregates.		Marketplace funnel	Search yielding none.	Submit.	Anonymous	Integration	Automated	L205-L215	BUILD
AN-006	Analytics	P2	Non-blocking	Pass	Filter application is attributable	Filter event/state is captured consistently.	Automated local analytics SQL/HTTP/component/browser regression PASS — 2026-09-17; trusted identity, dedupe, signed search receipts and actual rendering.; Production automated event HTTP/DB/browser proof PASS — 2026-09-17 (427ac8e); visible activity, signed searches, trusted funnels, rolling concurrent dedupe and private aggregates.		Marketplace funnel	Apply filter.	Browse.	Anonymous	Integration	Automated	L205-L215	BUILD
AN-007	Analytics	P1	Blocking	Pass	Store page view is attributable	Store analytics can count view.	Automated local analytics SQL/HTTP/component/browser regression PASS — 2026-09-17; trusted identity, dedupe, signed search receipts and actual rendering.; Production automated event HTTP/DB/browser proof PASS — 2026-09-17 (427ac8e); visible activity, signed searches, trusted funnels, rolling concurrent dedupe and private aggregates.		Marketplace funnel	Open active store page.	View.	Anonymous	Integration	Automated	L205-L215	BUILD
AN-008	Analytics	P1	Blocking	Pass	Listing creation funnel start/submission/approval/rejection states reconcile	Events/states support funnel calculation without impossible ordering.	Automated local analytics SQL/HTTP/component/browser regression PASS — 2026-09-17; trusted identity, dedupe, signed search receipts and actual rendering.; Production automated event HTTP/DB/browser proof PASS — 2026-09-17 (427ac8e); visible activity, signed searches, trusted funnels, rolling concurrent dedupe and private aggregates.		Marketplace funnel	Create/moderate test listings.	Progress lifecycle.	Particular	Integration	Automated	L205-L215	BUILD
AN-009	Analytics	P1	Blocking	Pass	Store application funnel states reconcile	Events support application funnel.	Automated local analytics SQL/HTTP/component/browser regression PASS — 2026-09-17; trusted identity, dedupe, signed search receipts and actual rendering.; Production automated event HTTP/DB/browser proof PASS — 2026-09-17 (427ac8e); visible activity, signed searches, trusted funnels, rolling concurrent dedupe and private aggregates.		Marketplace funnel	Create/apply/approve/verify store.	Progress lifecycle.	Store Owner	Integration	Automated	L205-L215	BUILD
AN-010	Analytics	P0	Blocking	Pass	Verified transaction event occurs only after buyer confirmation	No verified event before confirmation; one after.	Automated local Sprint 6 SQL/RLS and integration acceptance PASS — 2026-09-19; canonical event is emitted only by buyer confirmation.		Marketplace funnel	Seller selects buyer.	Before and after buyer confirms.	All	Integration	Automated	L205-L215	BUILD
AN-011	Analytics	P1	Blocking	Pass	Review submission event occurs once per side	Analytics do not duplicate canonical review state.	Automated local Sprint 6 SQL/RLS and integration acceptance PASS — 2026-09-19; unique directional review state prevents duplicate canonical review events.		Marketplace funnel	Verified transaction.	Submit reviews.	All	Integration	Automated	L205-L215	BUILD
AN-012	Analytics	P1	Blocking	Pass	Listing CTR calculation is correct	CTR uses correct numerator/denominator.	Automated local analytics SQL/HTTP/component/browser regression PASS — 2026-09-17; trusted identity, dedupe, signed search receipts and actual rendering.; Production automated event HTTP/DB/browser proof PASS — 2026-09-17 (427ac8e); visible activity, signed searches, trusted funnels, rolling concurrent dedupe and private aggregates.		Marketplace funnel	Known impressions and opens.	Calculate/report metric.	Admin	Unit/Integration	Automated	L205-L215	BUILD
AN-013	Analytics	P1	Blocking	Pass	Contact rate calculation is correct	Contact rate is correct.	Automated local analytics SQL/HTTP/component/browser regression PASS — 2026-09-17; trusted identity, dedupe, signed search receipts and actual rendering.; Production automated event HTTP/DB/browser proof PASS — 2026-09-17 (427ac8e); visible activity, signed searches, trusted funnels, rolling concurrent dedupe and private aggregates.		Marketplace funnel	Known opens and WhatsApp events.	Calculate.	Seller	Unit/Integration	Automated	L205-L215	BUILD
AN-014	Analytics	P1	Blocking	Pass	Favorite rate calculation is correct	Favorite rate is correct.	Automated local SQL/API/component/browser aggregate regression PASS — 2026-09-18; real favorite relations/actions/rate, no buyer directory.; Automated production API/RLS/actual-browser smoke PASS — 2026-09-18 (516bf45); owner usability retest pending.; Owner manual production acceptance PASS — 2026-09-18		Marketplace funnel	Known opens and favorite events.	Calculate.	Seller	Unit/Integration	Automated	L205-L215	BUILD
AN-015	Analytics	P2	Non-blocking	Pass	Zero-result rate calculation is correct	Metric is correct.	Automated local analytics SQL/HTTP/component/browser regression PASS — 2026-09-17; trusted identity, dedupe, signed search receipts and actual rendering.; Production automated event HTTP/DB/browser proof PASS — 2026-09-17 (427ac8e); visible activity, signed searches, trusted funnels, rolling concurrent dedupe and private aggregates.		Marketplace funnel	Known searches.	Calculate.	Admin	Unit/Integration	Automated	L205-L215	BUILD
AN-016	Analytics	P0	Blocking	Pass	No invasive fingerprinting is required for anonymous analytics	Uses privacy-conscious session/anonymous identifiers rather than invasive fingerprinting.	Automated local analytics SQL/HTTP/component/browser regression PASS — 2026-09-17; trusted identity, dedupe, signed search receipts and actual rendering.; Production automated event HTTP/DB/browser proof PASS — 2026-09-17 (427ac8e); visible activity, signed searches, trusted funnels, rolling concurrent dedupe and private aggregates.		Marketplace funnel	Anonymous browsing.	Inspect analytics identifiers/implementation.	Anonymous	Security/Manual	Both	L205-L215	BUILD
TX-001	Transactions	P0	Blocking	Pass	Marking sold prompts Laria-buyer question	Flow asks whether buyer came through Laria.	Automated local Sprint 6 component/integration acceptance PASS — 2026-09-19; production owner usability acceptance not claimed.		Verified transaction confirmation	Approved listing.	Seller marks sold.	Seller	E2E	Automated	L217-L230	BUILD
TX-002	Transactions	P0	Blocking	Pass	Eligible buyer list contains only authenticated contacts for that listing	Only qualifying contacted authenticated users appear.	Automated local Sprint 6 SQL/RLS and race integration acceptance PASS — 2026-09-19; exact-listing authenticated pre-sale contact eligibility enforced.		Verified transaction confirmation	Several users/contact histories.	Mark sold.	Seller	Integration	Automated	L217-L230	BUILD
TX-003	Transactions	P0	Blocking	Pass	Seller cannot search full user directory from sale flow	No arbitrary directory search/browse is exposed.	Automated local Sprint 6 SQL/RLS and component acceptance PASS — 2026-09-19; only the bounded eligible-contact RPC/list is exposed; owner production usability acceptance remains pending.		Verified transaction confirmation	Seller marks sold.	Inspect/interact with buyer selector.	Seller	Manual	Both	L217-L230	BUILD
TX-004	Transactions	P0	Blocking	Pass	Seller can choose outside-Laria/no-account option	Listing remains sold; no verified transaction or reviews created.	Automated local Sprint 6 SQL/RLS and integration acceptance PASS — 2026-09-19; external-sale path creates no claim, verified transaction, or review eligibility.		Verified transaction confirmation	Listing sold to external buyer.	Choose outside-Laria option.	Seller	E2E	Automated	L217-L230	BUILD
TX-005	Transactions	P0	Blocking	Pass	Selecting eligible buyer creates pending confirmation request	Pending confirmation relation created; buyer notification queued.	Automated local Sprint 6 SQL/RLS and integration acceptance PASS — 2026-09-19; pending claim and owner-scoped notification verified.		Verified transaction confirmation	Eligible buyer exists.	Seller selects buyer.	Seller	Integration	Automated	L217-L230	BUILD
TX-006	Transactions	P0	Blocking	Pass	Buyer sees correct listing/seller context in confirmation	Correct sale context shown without claiming payment verification.	Automated local Sprint 6 component/integration acceptance PASS — 2026-09-19; transaction detail is participant-scoped and renders listing/seller context; owner production usability acceptance remains pending.		Verified transaction confirmation	Pending confirmation.	Buyer opens confirmation.	Buyer	E2E	Both	L217-L230	BUILD
TX-007	Transactions	P0	Blocking	Pass	Buyer confirmation yes creates verified transaction	Exactly one verified transaction is created.	Automated local Sprint 6 SQL/RLS and concurrency integration acceptance PASS — 2026-09-19; buyer confirmation creates exactly one verified relation.		Verified transaction confirmation	Pending confirmation.	Buyer selects Sí, lo compré.	Buyer	Integration	Automated	L217-L230	BUILD
TX-008	Transactions	P0	Blocking	Pass	Buyer decline does not create verified transaction	Listing remains sold; no verified transaction/review eligibility.	Automated local Sprint 6 SQL/RLS and integration acceptance PASS — 2026-09-19; decline preserves sold state without verified transaction or review eligibility.		Verified transaction confirmation	Pending confirmation.	Buyer declines.	Buyer	E2E	Automated	L217-L230	BUILD
TX-009	Transactions	P0	Blocking	Pass	No response does not auto-verify transaction	Transaction remains unverified.	Automated local Sprint 6 SQL/RLS acceptance PASS — 2026-09-19; unanswered claims remain pending and never auto-verify.		Verified transaction confirmation	Pending confirmation; no buyer action.	Allow time/no action.	Buyer	Integration	Automated	L217-L230	BUILD
TX-010	Transactions	P0	Blocking	Pass	Buyer cannot confirm transaction assigned to another account	Denied.	Automated local Sprint 6 SQL/RLS acceptance PASS — 2026-09-19; unrelated buyer confirmation is denied without state change.		Verified transaction confirmation	Two buyers.	Buyer B attempts A's confirmation link/API.	Buyer	Security	Automated	L217-L230	BUILD
TX-011	Transactions	P0	Blocking	Pass	Seller cannot swap buyer after transaction verified	Historical verified relation remains immutable or follows explicit admin-only correction path.	Automated local Sprint 6 SQL/RLS and race integration acceptance PASS — 2026-09-19; verified buyer relation is immutable.		Verified transaction confirmation	Verified transaction exists.	Attempt change buyer.	Seller	DB/RLS	Automated	L217-L230	BUILD
TX-012	Transactions	P0	Blocking	Pass	Repeated yes confirmation is idempotent	No duplicate verified transaction.	Automated local Sprint 6 SQL/RLS and concurrency integration acceptance PASS — 2026-09-19; repeated confirmation returns the one canonical transaction.		Verified transaction confirmation	Buyer already confirmed.	Repeat request.	Buyer	API/DB	Automated	L217-L230	BUILD
TX-013	Transactions	P0	Blocking	Blocked	Verified transaction does not verify price/payment/delivery	Copy accurately limits what verification means.	BLOCKED — owner production manual copy acceptance is required after the Sprint 6 release; implementation copy guards passed locally — 2026-09-19.		Verified transaction confirmation	Verified transaction exists.	Inspect UI/copy.	All	Manual	Manual	L217-L230	BUILD
TX-014	Transactions	P0	Blocking	Pass	Verified transaction remains attached to original sold listing after relist	Transaction remains linked to original history, not new copy.	Automated local Sprint 6 SQL/RLS and lifecycle integration acceptance PASS — 2026-09-19; no transaction/review inheritance to relist copy.		Verified transaction confirmation	Verified sold listing relisted.	Inspect relations.	Admin	DB	Automated	L217-L230	BUILD
TX-015	Transactions	P0	Blocking	Pass	Store transaction seller identity is the store	Seller-side entity for review is store.	Automated local Sprint 6 SQL/RLS acceptance PASS — 2026-09-19; store sale and reputation bind to immutable store identity.		Verified transaction confirmation	Store listing sold/confirmed.	Inspect verified relation.	Buyer	DB	Automated	L217-L230	BUILD
TX-016	Transactions	P0	Blocking	Pass	Particular transaction seller identity is Particular account	Seller-side entity is Particular account.	Automated local Sprint 6 SQL/RLS acceptance PASS — 2026-09-19; individual sale and reputation bind to seller user identity.		Verified transaction confirmation	Individual listing sold/confirmed.	Inspect relation.	Buyer	DB	Automated	L217-L230	BUILD
REVW-001	Reviews	P0	Blocking	Pass	Verified transaction unlocks buyer review of seller/store	Review form available.	Automated local Sprint 6 SQL/RLS, integration, and component acceptance PASS — 2026-09-19; buyer review eligibility begins only after verification.		Two-way double-blind	Verified transaction.	Open review flow as buyer.	Buyer	E2E	Automated	L232-L240	BUILD
REVW-002	Reviews	P0	Blocking	Pass	Verified transaction unlocks seller/store review of buyer	Review form available.	Automated local Sprint 6 SQL/RLS, integration, and component acceptance PASS — 2026-09-19; seller-side review eligibility begins only after verification.		Two-way double-blind	Verified transaction.	Open review flow as seller.	Seller	E2E	Automated	L232-L240	BUILD
REVW-003	Reviews	P0	Blocking	Pass	Unverified sold listing does not unlock reviews	Reviews unavailable.	Automated local Sprint 6 SQL/RLS acceptance PASS — 2026-09-19; sold-only and pending/declined claims cannot create reviews.		Two-way double-blind	Sold but unverified transaction.	Open review flow.	All	E2E	Automated	L232-L240	BUILD
REVW-004	Reviews	P0	Blocking	Pass	Rating requires integer/valid 1–5 value	Rejected.	Automated local Sprint 6 SQL/RLS acceptance PASS — 2026-09-19; null, fractional, and out-of-range ratings are rejected.		Two-way double-blind	Verified transaction.	Submit missing/out-of-range rating.	All	API	Automated	L232-L240	BUILD
REVW-005	Reviews	P1	Blocking	Pass	Optional comment may be blank	Review accepted.	Automated local Sprint 6 SQL/RLS acceptance PASS — 2026-09-19; valid rating with blank comment is accepted.		Two-way double-blind	Verified transaction.	Submit valid stars with no comment.	All	E2E	Automated	L232-L240	BUILD
REVW-006	Reviews	P0	Blocking	Pass	One buyer review per transaction	Duplicate rejected/idempotent according to API design.	Automated local Sprint 6 SQL/RLS and concurrency integration acceptance PASS — 2026-09-19; one buyer-to-seller review per verified transaction.		Two-way double-blind	Buyer already reviewed.	Submit again.	Buyer	DB	Automated	L232-L240	BUILD
REVW-007	Reviews	P0	Blocking	Pass	One seller review per transaction	Duplicate rejected/idempotent.	Automated local Sprint 6 SQL/RLS and concurrency integration acceptance PASS — 2026-09-19; one seller-to-buyer review per verified transaction.		Two-way double-blind	Seller already reviewed.	Submit again.	Seller	DB	Automated	L232-L240	BUILD
REVW-008	Reviews	P0	Blocking	Pass	First review remains hidden while other side can still submit	Review content/rating is not revealed.	Automated local Sprint 6 SQL/RLS acceptance PASS — 2026-09-19; participant, public, aggregate, and admin queue paths hide one-sided pre-deadline content.		Two-way double-blind	Only one side reviewed before deadline.	View as counterparty/public.	All	E2E	Automated	L232-L240	BUILD
REVW-009	Reviews	P0	Blocking	Pass	Both reviews reveal immediately when both submit	Both become visible together.	Automated local Sprint 6 SQL/RLS and race integration acceptance PASS — 2026-09-19; paired reviews reveal atomically.		Two-way double-blind	Both sides submit before 10 days.	Refresh review surfaces.	All	Integration	Automated	L232-L240	BUILD
REVW-010	Reviews	P0	Blocking	Pass	Single submitted review reveals after 10-day window	Submitted review becomes public/visible per rules.	Automated local Sprint 6 deterministic DB-time boundary acceptance PASS — 2026-09-19; one-sided review reveals at the deadline without a scheduler.		Two-way double-blind	One side submitted; other did not.	Advance scheduler/time past 10 days.	All	Integration	Automated	L232-L240	BUILD
REVW-011	Reviews	P1	Blocking	Pass	No review can be submitted after defined window if workflow closes at 10 days	Behavior follows fixed review-window rule consistently.	Automated local Sprint 6 deterministic DB-time boundary acceptance PASS — 2026-09-19; submission is rejected at and after the fixed deadline.		Two-way double-blind	Verified transaction >10 days.	Attempt new review.	All	Integration	Automated	L232-L240	BUILD
REVW-012	Reviews	P0	Blocking	Pass	Counterparty cannot infer hidden rating before reveal	No stars/comment/aggregate leakage reveals hidden review.	Automated local Sprint 6 SQL/RLS acceptance PASS — 2026-09-19; hidden ratings/comments are excluded from participant, public, aggregate, and admin read paths.		Two-way double-blind	One hidden review exists.	Inspect APIs/UI as other side.	All	Security	Automated	L232-L240	BUILD
REVW-013	Reviews	P0	Blocking	Pass	Published review cannot be freely edited	User edit is denied.	Automated local Sprint 6 SQL/RLS acceptance PASS — 2026-09-19; raw update grants are absent and no user edit RPC exists.		Two-way double-blind	Published review.	Attempt edit.	All	DB/RLS	Automated	L232-L240	BUILD
REVW-014	Reviews	P0	Blocking	Pass	Published review cannot be freely deleted	User delete is denied.	Automated local Sprint 6 SQL/RLS acceptance PASS — 2026-09-19; raw delete grants are absent and no user delete RPC exists.		Two-way double-blind	Published review.	Attempt delete.	All	DB/RLS	Automated	L232-L240	BUILD
REVW-015	Reviews	P1	Blocking	Pass	User can report published review	Report enters moderation system.	Automated local Sprint 6 SQL/RLS and component acceptance PASS — 2026-09-19; revealed-review report is owner-attributed and queued for admin moderation.		Two-way double-blind	Visible review.	Report it.	All	E2E	Automated	L232-L240	BUILD
REVW-016	Reviews	P0	Blocking	Pass	Admin can hide abusive review without rewriting it	Review becomes nonpublic; original text remains immutable/auditable.	Automated local Sprint 6 SQL/RLS and component acceptance PASS — 2026-09-19; mandatory-reason hide removes public visibility and preserves original content/audit action.		Two-way double-blind	Published review.	Admin hides.	Admin	E2E	Automated	L232-L240	BUILD
REVW-017	Reviews	P0	Blocking	Pass	Admin cannot edit review body through normal moderation UI	Only hide/resolve actions exist; no rewrite action.	Automated local Sprint 6 SQL/RLS and component acceptance PASS — 2026-09-19; moderation exposes hide/restore only and cannot rewrite immutable review content; owner production UI acceptance remains pending.		Two-way double-blind	Published review.	Inspect admin actions.	Admin	Manual	Both	L232-L240	BUILD
REVW-018	Reviews	P1	Blocking	Pass	Store rating aggregates against store entity	Aggregation belongs to store.	Automated local Sprint 6 SQL/RLS and integration acceptance PASS — 2026-09-19; buyer-to-store reputation aggregates on immutable store identity.		Two-way double-blind	Multiple verified store reviews.	Inspect store rating.	Anonymous	Integration	Automated	L232-L240	BUILD
REVW-019	Reviews	P1	Blocking	Pass	Particular rating aggregates against Particular seller identity	Aggregation belongs to Particular account.	Automated local Sprint 6 SQL/RLS and integration acceptance PASS — 2026-09-19; buyer-to-Particular reputation aggregates on seller user identity.		Two-way double-blind	Multiple verified individual reviews.	Inspect seller rating.	Anonymous	Integration	Automated	L232-L240	BUILD
REVW-020	Reviews	P0	Blocking	Blocked	Review UI does not claim Laria processed transaction	Wording preserves off-platform transaction limitation.	BLOCKED — owner production manual copy acceptance is required after the Sprint 6 release; implementation copy guards passed locally — 2026-09-19.		Two-way double-blind	Published reviews.	Inspect labels/help.	Anonymous	Manual	Manual	L232-L240	BUILD
REP-001	Trust & Safety	P0	Blocking	Not Run	User can report listing	Report created with target listing, reason, timestamp and reporter where applicable.			Reports	Reportable listing.	Submit fixed reason + optional detail.	User	E2E	Automated	L242-L244	BUILD
REP-002	Trust & Safety	P1	Blocking	Not Run	User can report store	Report created with correct target.			Reports	Public store.	Submit report.	User	E2E	Automated	L242-L244	BUILD
REP-003	Trust & Safety	P0	Blocking	Pass	User can report review	Report created with correct review target.	Automated local Sprint 6 SQL/RLS and component acceptance PASS — 2026-09-19; report binds to the revealed review target.		Reports	Published review.	Submit report.	User	E2E	Automated	L242-L244	BUILD
REP-004	Trust & Safety	P1	Blocking	Pass	Fixed reason is required	Rejected.	Automated local Sprint 6 SQL/RLS acceptance PASS — 2026-09-19; missing/null/unsupported report reasons are rejected.		Reports	Report flow.	Submit without reason.	User	E2E	Automated	L242-L244	BUILD
REP-005	Trust & Safety	P1	Blocking	Pass	Optional detail may be blank	Accepted.	Automated local Sprint 6 SQL/RLS acceptance PASS — 2026-09-19; fixed reason with blank optional detail is accepted.		Reports	Report flow.	Submit fixed reason only.	User	E2E	Automated	L242-L244	BUILD
REP-006	Trust & Safety	P2	Non-blocking	Pass	Report timestamp is recorded	Timestamp present.	Automated local Sprint 6 SQL/RLS acceptance PASS — 2026-09-19; database-owned report timestamp is recorded.		Reports	Submit report.	Inspect record.	Admin	DB	Automated	L242-L244	BUILD
REP-007	Trust & Safety	P1	Blocking	Pass	Reporter identity is associated where applicable	Reporter id is stored according to policy.	Automated local Sprint 6 SQL/RLS acceptance PASS — 2026-09-19; authenticated reporter identity is database-bound.		Reports	Logged-in reporter.	Submit.	User	DB	Automated	L242-L244	BUILD
REP-008	Trust & Safety	P0	Blocking	Deferred	Admin can resolve report	Status changes and report leaves active queue appropriately.	Deferred to Sprint 8 full reports/Admin Hub; Sprint 6 implements review reporting plus review hide/restore, not general report-resolution state — 2026-09-19.		Reports	Open report in admin.	Resolve.	Admin	E2E	Automated	L242-L244	BUILD
REP-009	Trust & Safety	P1	Blocking	Deferred	Admin can dismiss report	Status records dismissal without mutating target automatically unless separately acted upon.	Deferred to Sprint 8 full reports/Admin Hub; Sprint 6 implements review reporting plus review hide/restore, not general report-dismissal state — 2026-09-19.		Reports	Open report.	Dismiss.	Admin	E2E	Automated	L242-L244	BUILD
REP-010	Trust & Safety	P0	Blocking	Pass	Ordinary user cannot read moderation queue	Denied.	Automated local Sprint 6 SQL/RLS acceptance PASS — 2026-09-19; nonadmin queue access is denied.		Reports	Logged-in nonadmin.	Attempt reports admin data access.	User	DB/RLS	Automated	L242-L244	BUILD
ADMIN-001	Admin	P0	Blocking	Pass	Nonadmin cannot access admin hub	Access denied/redirected.	Owner production/manual regression PASS; Sprint 2 checks preserved — 2026-09-10		Operational moderation hub	Logged-in nonadmin.	Open `/admin`.	Particular	E2E	Automated	L246-L252	MODIFY
ADMIN-002	Admin	P0	Blocking	Not Run	Admin can search/filter all listings	Results include correct records/states.			Operational moderation hub	Admin; varied listing states.	Use admin listing search/filter.	Admin	E2E	Automated	L246-L252	MODIFY
ADMIN-003	Admin	P1	Blocking	Not Run	Admin can search/filter all stores	Correct stores/states shown.			Operational moderation hub	Admin; varied stores.	Use store search/filter.	Admin	E2E	Automated	L246-L252	MODIFY
ADMIN-004	Admin	P1	Blocking	Not Run	Admin can inspect user accounts	Required account metadata visible without exposing secrets.			Operational moderation hub	Admin.	Open users area.	Admin	E2E	Automated	L246-L252	MODIFY
ADMIN-005	Admin	P0	Blocking	Pass	Admin can inspect pending revisions	Correct live vs proposed values visible.	Owner manual production acceptance PASS — 2026-09-15		Operational moderation hub	Pending revision exists.	Open revision queue.	Admin	E2E	Automated	L246-L252	MODIFY
ADMIN-006	Admin	P0	Blocking	Deferred	Admin can inspect reports	Target and reason context available.	Deferred to Sprint 8 full reports/Admin Hub; Sprint 6 exposes only the bounded review-report context required for review hide/restore moderation — 2026-09-19.		Operational moderation hub	Open reports area.	Filter/open report.	Admin	E2E	Automated	L246-L252	MODIFY
ADMIN-007	Admin	P1	Blocking	Pass	Admin can inspect reviews	Review state/target/visibility available.	Automated local Sprint 6 SQL/RLS and component acceptance PASS — 2026-09-19; bounded revealed/reported review queue shows state, target, visibility, and moderation actions without pre-reveal leakage.		Operational moderation hub	Reviews exist.	Open reviews area.	Admin	E2E	Automated	L246-L252	MODIFY
ADMIN-008	Admin	P1	Blocking	Pass	Admin can inspect verified transactions	Correct transaction confirmation state visible.	Automated local Sprint 6 SQL/RLS and component acceptance PASS — 2026-09-19; bounded transaction/claim view exposes pending, declined, cancelled, superseded, and verified linkage.		Operational moderation hub	Verified/unverified sale relationships exist.	Open transactions area.	Admin	E2E	Automated	L246-L252	MODIFY
ADMIN-009	Admin	P0	Blocking	Pass	Admin can manage store verification	Privileges change according to spec.	Automated local SQL/RLS compatibility PASS — 2026-09-10		Operational moderation hub	Active store.	Verify/revoke.	Admin	E2E	Automated	L246-L252	MODIFY
ADMIN-010	Admin	P0	Blocking	Pass	Listing rejection requires reason	Action blocked.	Owner manual production acceptance PASS — 2026-09-15		Operational moderation hub	Pending listing.	Attempt reject without reason.	Admin	E2E	Automated	L246-L252	MODIFY
ADMIN-011	Admin	P0	Blocking	Pass	Listing rejection reason is visible to owner	Reason shown.	Owner manual production acceptance PASS — 2026-09-15		Operational moderation hub	Rejected listing with reason.	Owner opens account.	Particular	E2E	Automated	L246-L252	MODIFY
ADMIN-012	Admin	P0	Blocking	Pass	Administrative hide requires reason	Action blocked.	Owner manual production acceptance PASS — 2026-09-15		Operational moderation hub	Approved listing.	Attempt hide without reason.	Admin	E2E	Automated	L246-L252	MODIFY
ADMIN-013	Admin	P0	Blocking	Pass	Store rejection requires reason and owner sees it	Reason persists and is visible.	Automated local SQL/RLS compatibility PASS — 2026-09-10		Operational moderation hub	Pending store.	Reject with reason, open owner dashboard.	Admin	E2E	Automated	L246-L252	MODIFY
ADMIN-014	Admin	P0	Blocking	Not Run	Admin can manually link legacy listing ownership	owner_user_id links only to chosen account; audit/history preserved.			Operational moderation hub	Legacy unowned listing + selected account.	Assign ownership.	Admin	E2E	Automated	L246-L252	MODIFY
ADMIN-015	Admin	P0	Blocking	Pass	Legacy ownership is never auto-linked from phone/email alone	No automatic ownership assignment occurs.	Automated local SQL/RLS compatibility PASS — 2026-09-10		Operational moderation hub	Matching legacy contact exists.	Create account/run background jobs.	Admin	DB	Automated	L246-L252	MODIFY
ADMIN-016	Admin	P0	Blocking	Pass	Admin cannot expose auth secrets in UI/logs	Passwords/tokens/service-role secrets never displayed.	Owner production/manual regression PASS; Sprint 2 checks preserved — 2026-09-10		Operational moderation hub	Admin hub/users.	Inspect network/UI/log output.	Admin	Security	Both	L246-L252	MODIFY
MAIL-001	Notifications	P0	Blocking	Not Run	Listing approval sends/queues marketplace email	Owner receives/queues approval notification once.			Application email	Owner listing approved.	Approve.	Particular	Integration	Both	L254-L258	BUILD
MAIL-002	Notifications	P0	Blocking	Not Run	Listing rejection sends/queues email with useful status context	Owner receives/queues rejection notification.			Application email	Owner listing rejected.	Reject with reason.	Particular	Integration	Both	L254-L258	BUILD
MAIL-003	Notifications	P1	Blocking	Not Run	Store approval sends/queues status email	Store owner notified.			Application email	Pending store approved.	Approve.	Store Owner	Integration	Both	L254-L258	BUILD
MAIL-004	Notifications	P1	Blocking	Not Run	Store rejection sends/queues status email	Store owner notified.			Application email	Pending store rejected.	Reject.	Store Owner	Integration	Both	L254-L258	BUILD
MAIL-005	Notifications	P1	Blocking	Not Run	Verification change notification is sent where useful	Owner receives appropriate lifecycle notice without duplicate spam.			Application email	Store verification granted/revoked.	Change status.	Store Owner	Integration	Both	L254-L258	BUILD
MAIL-006	Notifications	P0	Blocking	Not Run	Buyer transaction-confirmation email targets selected buyer only	Only selected eligible buyer gets request.			Application email	Seller selects buyer.	Trigger confirmation.	Buyer	Integration	Both	L254-L258	BUILD
MAIL-007	Notifications	P0	Blocking	Not Run	Review workflow notification respects double-blind rules	Emails do not reveal hidden counterparty rating/comment.			Application email	Verified transaction/review milestones.	Trigger notifications.	All	Integration	Both	L254-L258	BUILD
MAIL-008	Notifications	P0	Blocking	Not Run	Search immediate email is deduplicated	At most one logical notification per user-alert-listing.			Application email	Immediate alert event.	Retry job/provider callback.	Particular	Integration	Automated	L254-L258	BUILD
MAIL-009	Notifications	P0	Blocking	Not Run	Daily digest deduplicates items	Each qualifying listing appears once.			Application email	Daily matches include repeats.	Run digest.	Particular	Integration	Automated	L254-L258	BUILD
MAIL-010	Notifications	P0	Blocking	Not Run	Price-drop email deduplicates unchanged price	No repeat alert.			Application email	Already alerted price.	Re-run job.	Particular	Integration	Automated	L254-L258	BUILD
MAIL-011	Notifications	P1	Blocking	Not Run	Application product logic is provider-abstracted	Marketplace workflow does not hard-code provider semantics throughout domain logic.			Application email	Email implementation exists.	Inspect integration boundary/tests.	Developer	Code Review	Manual	L254-L258	BUILD
MAIL-012	Notifications	P0	Blocking	Not Run	Email delivery failure does not corrupt core marketplace state	Core state transition remains consistent; retry/error is observable.			Application email	Force provider failure.	Approve listing/confirm transaction/etc.	Admin	Integration	Automated	L254-L258	BUILD
LEGAL-001	Legal & Safety	P0	Blocking	Not Run	Terms/marketplace rules page exists	Dedicated content is accessible.			Required pages/copy	App deployed.	Open Terms route.	Anonymous	E2E	Automated	L260-L264	BUILD
LEGAL-002	Legal & Safety	P0	Blocking	Not Run	Privacy Policy page exists	Dedicated content is accessible.			Required pages/copy	App deployed.	Open Privacy route.	Anonymous	E2E	Automated	L260-L264	BUILD
LEGAL-003	Legal & Safety	P1	Blocking	Not Run	Prohibited-item rules page exists	Dedicated content is accessible.			Required pages/copy	App deployed.	Open prohibited-items route.	Anonymous	E2E	Automated	L260-L264	BUILD
LEGAL-004	Legal & Safety	P1	Blocking	Not Run	Marketplace safety page exists	Dedicated safety guidance is accessible.			Required pages/copy	App deployed.	Open safety route.	Anonymous	E2E	Automated	L260-L264	BUILD
LEGAL-005	Legal & Safety	P0	Blocking	Not Run	Safety copy states Laria does not process payments/escrow/shipping	Limitation is explicit.			Required pages/copy	Relevant safety/trust surfaces.	Inspect copy.	Anonymous	Manual	Manual	L260-L264	BUILD
LEGAL-006	Legal & Safety	P0	Blocking	Not Run	Trust copy does not guarantee transaction outcome	No wording implies Laria guarantees payment, delivery, condition or transaction.			Required pages/copy	Relevant pages.	Inspect copy.	Anonymous	Manual	Manual	L260-L264	BUILD
REL-001	Reliability	P0	Blocking	Pass	Catalog uses 24-item pages	Exactly bounded page behavior with navigation.	Automated local regression PASS — 2026-09-10; Automated Sprint 5 local regression PASS — 2026-09-18; eight SQL suites, six integrations, browser helpers, 124 unit tests and standard build checks.		Preserve September 2026 baseline	More than 24 approved listings.	Browse pages.	Anonymous	E2E	Automated	L286-L302	DONE
REL-002	Reliability	P1	Blocking	Pass	Store inventory uses 24-item pages	Bounded stable pagination works.	Automated local regression PASS — 2026-09-10; Automated Sprint 5 local regression PASS — 2026-09-18; eight SQL suites, six integrations, browser helpers, 124 unit tests and standard build checks.		Preserve September 2026 baseline	Store has >24 approved listings.	Open store pages.	Anonymous	E2E	Automated	L286-L302	DONE
REL-003	Reliability	P0	Blocking	Pass	Pagination preserves filters	Filter/query state preserved.	Automated local regression PASS — 2026-09-10; Automated Sprint 5 local regression PASS — 2026-09-18; eight SQL suites, six integrations, browser helpers, 124 unit tests and standard build checks.		Preserve September 2026 baseline	Filtered catalog >1 page.	Navigate page 2/back.	Anonymous	E2E	Automated	L286-L302	DONE
REL-004	Reliability	P0	Blocking	Pass	Pagination ordering is deterministic	Stable ID tie-breaker prevents duplicates/omissions.	Automated local regression PASS — 2026-09-10; Automated Sprint 5 local regression PASS — 2026-09-18; eight SQL suites, six integrations, browser helpers, 124 unit tests and standard build checks.		Preserve September 2026 baseline	Listings with tied primary sort fields.	Reload/navigate repeatedly.	Anonymous	Integration	Automated	L286-L302	DONE
REL-005	Reliability	P1	Blocking	Pass	Photo count supports >1000 photos without truncation	Database-computed counts remain correct beyond row cap.	Automated local regression PASS — 2026-09-10; Automated Sprint 5 local regression PASS — 2026-09-18; eight SQL suites, six integrations, browser helpers, 124 unit tests and standard build checks.		Preserve September 2026 baseline	Large seeded photo set.	Query count behavior.	Developer	DB	Automated	L286-L302	DONE
REL-006	Reliability	P1	Blocking	Pass	Recommendations do not block primary listing content	Primary product renders first; recommendations stream later.	Automated local regression PASS — 2026-09-10; Automated Sprint 5 local regression PASS — 2026-09-18; eight SQL suites, six integrations, browser helpers, 124 unit tests and standard build checks.		Preserve September 2026 baseline	Listing with recommendation queries.	Simulate slow secondary queries.	Anonymous	Performance	Automated	L286-L302	DONE
REL-007	Reliability	P1	Blocking	Pass	Public browsing avoids unnecessary authenticated getUser network work	Public route does not perform needless auth validation beyond intended middleware policy.	Automated local regression PASS — 2026-09-10; Automated Sprint 5 local regression PASS — 2026-09-18; eight SQL suites, six integrations, browser helpers, 124 unit tests and standard build checks.		Preserve September 2026 baseline	Signed-in user browses public page.	Inspect server behavior.	Particular	Performance	Automated	L286-L302	DONE
REL-008	Reliability	P0	Blocking	Pass	Approval sets first publication timestamp	published_at is populated once.	Automated local regression PASS — 2026-09-10; Automated Sprint 5 local regression PASS — 2026-09-18; eight SQL suites, six integrations, browser helpers, 124 unit tests and standard build checks.		Preserve September 2026 baseline	Pending listing.	Approve.	Admin	DB	Automated	L286-L302	DONE
REL-009	Reliability	P1	Blocking	Pass	Reapproval preserves original publication timestamp	Original first publication timestamp remains.	Automated local regression PASS — 2026-09-10; Automated Sprint 5 local regression PASS — 2026-09-18; eight SQL suites, six integrations, browser helpers, 124 unit tests and standard build checks.		Preserve September 2026 baseline	Previously approved listing cycles state as allowed.	Reapprove.	Admin	DB	Automated	L286-L302	DONE
REL-010	Reliability	P0	Blocking	Pass	Signup duplicate-email lookup is targeted and failure-safe	No directory scan; failure never returns false 'available'.	Automated local regression PASS — 2026-09-10; Automated Sprint 5 local regression PASS — 2026-09-18; eight SQL suites, six integrations, browser helpers, 124 unit tests and standard build checks.		Preserve September 2026 baseline	Existing/unknown emails; force DB lookup failure.	Call precheck.	Anonymous	API	Automated	L286-L302	DONE
REL-011	Reliability	P0	Blocking	Pass	Submission finalization is atomic	No partial listing/photo relational state is committed.	Automated local regression PASS — 2026-09-10; Automated Sprint 5 local regression PASS — 2026-09-18; eight SQL suites, six integrations, browser helpers, 124 unit tests and standard build checks.		Preserve September 2026 baseline	Force failure during finalization.	Submit.	Particular	DB/Integration	Automated	L286-L302	DONE
REL-012	Reliability	P0	Blocking	Pass	Submission finalization is idempotent	One logical record only.	Automated local regression PASS — 2026-09-10; Automated Sprint 5 local regression PASS — 2026-09-18; eight SQL suites, six integrations, browser helpers, 124 unit tests and standard build checks.		Preserve September 2026 baseline	Same submission ID finalized twice.	Retry.	Particular	DB/Integration	Automated	L286-L302	DONE
REL-013	Reliability	P1	Blocking	Pass	Partial upload cleanup attempts run	Cleanup attempted and retry remains possible.	Automated local regression PASS — 2026-09-10; Automated Sprint 5 local regression PASS — 2026-09-18; eight SQL suites, six integrations, browser helpers, 124 unit tests and standard build checks.		Preserve September 2026 baseline	Force upload failure after some files.	Observe recovery.	Particular	Integration	Automated	L286-L302	DONE
REL-014	Reliability	P0	Blocking	Pass	Existing regression suite passes after each sprint	All baseline regression tests pass.	Automated local regression PASS — 2026-09-10; Automated Sprint 5 local regression PASS — 2026-09-18; eight SQL suites, six integrations, browser helpers, 124 unit tests and standard build checks.		Preserve September 2026 baseline	Repository with sprint changes.	Run npm tests + DB regression suite.	Developer	CI	Automated	L286-L302	DONE
REL-015	Reliability	P0	Blocking	Pass	Build/lint/typecheck pass	All commands pass.	Automated local regression PASS — 2026-09-10; Automated Sprint 5 local regression PASS — 2026-09-18; eight SQL suites, six integrations, browser helpers, 124 unit tests and standard build checks.		Preserve September 2026 baseline	Repository state.	Run npm run lint, typecheck, build.	Developer	CI	Automated	L286-L302	DONE
SCOPE-001	V1 Scope	P0	Blocking	Not Run	No Laria checkout is exposed	No in-platform checkout/payment collection exists.			Out-of-scope guardrails	App surfaces.	Inspect purchase flow.	All	Manual	Manual	L266-L278	DONE
SCOPE-002	V1 Scope	P0	Blocking	Not Run	No escrow workflow is exposed	No escrow claim/feature exists.			Out-of-scope guardrails	App surfaces.	Inspect transaction flow.	All	Manual	Manual	L266-L278	DONE
SCOPE-003	V1 Scope	P1	Blocking	Not Run	No shipping-management workflow is exposed	No Laria shipping orchestration exists.			Out-of-scope guardrails	App surfaces.	Inspect listing/account flow.	All	Manual	Manual	L266-L278	DONE
SCOPE-004	V1 Scope	P1	Blocking	Not Run	No transaction commission enforcement exists	No V1 commission collection/enforcement.			Out-of-scope guardrails	Seller/store flows.	Inspect lifecycle/fees.	All	Manual	Manual	L266-L278	DONE
SCOPE-005	V1 Scope	P0	Blocking	Not Run	No paid subscription/boost purchase exists	V1 remains free; no purchasable plan/boost workflow.			Out-of-scope guardrails	Store/listing account surfaces.	Inspect plans/actions.	All	Manual	Manual	L266-L278	DONE
SCOPE-006	V1 Scope	P1	Blocking	Not Run	No internal messaging/chat exists as working feature	WhatsApp remains external communication path.			Out-of-scope guardrails	App surfaces.	Inspect contact flows.	All	Manual	Manual	L266-L278	DONE
SCOPE-007	V1 Scope	P2	Non-blocking	Not Run	No multi-employee store management UI is active	One effective owner account is the V1 supported workflow.			Out-of-scope guardrails	Store dashboard.	Inspect member management.	Store Owner	Manual	Manual	L266-L278	DONE
SCOPE-008	V1 Scope	P1	Blocking	Not Run	No automatic SUNAT verification is claimed	Verification remains manual admin process.			Out-of-scope guardrails	Store verification.	Inspect workflow/copy.	Admin	Manual	Manual	L266-L278	DONE
REV-017	Listings	P0	Blocking	Pass	Pending moderated revision is amended in place	The same pending revision ID is retained, its version increases, and it contains the latest proposal.	Automated local Sprint 3.1 regression PASS — 2026-09-16		Approved listing editing	Approved listing has a pending title proposal.	Change the proposed title again and add a moderated condition change.	Particular	DB/Integration	Automated	L117-L137	DONE
REV-018	Listings	P0	Blocking	Pass	Pending revision photo set can be amended	The same pending proposal contains the latest isolated photo set; live photos remain unchanged until approval.	Automated local Sprint 3.1 regression PASS — 2026-09-16		Approved listing editing	Approved listing has a pending moderated proposal and valid live photos.	Add, remove, reorder or replace proposed photos and save.	Particular	DB/Integration	Automated	L117-L137	DONE
REV-019	Listings	P0	Blocking	Pass	Stale admin revision decision is denied	The decision fails safely and admin must reload the latest proposal.	Automated local Sprint 3.1 regression PASS — 2026-09-16		Approved listing editing	Admin loaded revision version N; owner amends it to N+1.	Admin attempts approval or rejection using version N.	Admin	DB/Integration	Automated	L117-L137	DONE
LIST-023	Listings	P0	Blocking	Pass	Whole-sol price round-trips exactly	Entered, stored, API and rendered values remain exactly S/ 1,200, with no fee or numeric-control mutation.	Automated local Sprint 3.1 regression PASS — 2026-09-16		Particular listing creation	Seller enters a valid price such as S/ 1,200.	Submit, query stored/API value, then open catalog card and detail page; repeat after price edit.	Particular	Integration	Automated	L59-L79	DONE
STORE-018	Stores	P1	Blocking	Pass	Duplicate RUC shows an explicit private reason	Submission is blocked and UI states that the RUC is already registered without exposing owner data.	Owner manual production retest PASS — 2026-09-16		Application and ownership	Another store already owns the normalized RUC.	Submit the duplicate RUC through the store application.	Store Owner	Integration	Automated	L139-L154	DONE
DASH-008	Particular Dashboard	P1	Blocking	Pass	Page-level action notice receives focus and is scrolled into view	The shared notice receives accessible focus and scrolls into view; field-level errors do not cause global scrolling.	Owner manual production retest PASS — 2026-09-16		Account result notices	Account/admin form returns a top-level success or actionable error.	Complete the form while its notice location is outside the viewport.	All	Component	Automated	L99-L115	DONE
NOTIF-001	Notifications	P0	Blocking	Pass	Notification visibility, RLS and read state are owner-scoped	Each owner sees only their newest-first notifications; anonymous sees none; read state changes without mutable event/ownership metadata.	Owner manual production retest PASS — 2026-09-16		In-app account notifications	Two authenticated owners and supported lifecycle events exist.	Read notifications as each owner and anonymous; mark one notification read.	Particular / Store Owner	DB/Integration	Automated	L254-L258	DONE
NOTIF-002	Notifications	P1	Blocking	Pass	Revision rejection notification leads to its reason	A typed rejection notice links to the owner's listing area where the rejection reason is reachable.	Owner manual production retest PASS — 2026-09-16		In-app account notifications	Admin rejects an amended listing revision with a reason.	Open the owner notification and follow its target.	Particular / Store Owner	Integration	Automated	L254-L258	DONE
PHOTO-018	Listings	P0	Blocking	Pass	Adding a photo amends an existing pending text revision	The same revision retains prior proposed fields plus the added private photo; live photos stay unchanged.	Automated local Sprint 4 photo SQL/API/component/browser proof PASS — 2026-09-17; owner browser QA after release.; Production automated photo HTTP/DB and actual-browser proof PASS — 2026-09-17 (427ac8e); private proposals, boundaries, retry/recovery, historical isolation and responsive media verified.	4	Photo lifecycle	Approved listing already has a pending title proposal.	Add a valid photo, save and inspect combined proposal/live state.	Particular	DB/Integration	Automated	L79-L79,L117-L137,L286-L302	DONE
PHOTO-019	Listings	P0	Blocking	Pass	Removing a proposed photo amends the same pending revision	Latest complete ordered proposal omits the removed photo and remains within 2–10; live photos remain unchanged.	Automated local Sprint 4 photo SQL/API/component/browser proof PASS — 2026-09-17; owner browser QA after release.; Production automated photo HTTP/DB and actual-browser proof PASS — 2026-09-17 (427ac8e); private proposals, boundaries, retry/recovery, historical isolation and responsive media verified.	4	Photo lifecycle	Pending revision contains at least three photos.	Remove a proposed photo and save again.	Particular	DB/Integration	Automated	L79-L79,L117-L137,L286-L302	DONE
PHOTO-020	Listings	P0	Blocking	Pass	Replacing a proposed photo preserves the evolving proposal	Replacement occupies its intended position in the same revision without losing prior text changes or overwriting Storage history.	Automated local Sprint 4 photo SQL/API/component/browser proof PASS — 2026-09-17; owner browser QA after release.; Production automated photo HTTP/DB and actual-browser proof PASS — 2026-09-17 (427ac8e); private proposals, boundaries, retry/recovery, historical isolation and responsive media verified.	4	Photo lifecycle	Pending combined text/photo proposal.	Replace a proposed image and save.	Particular	DB/Integration	Automated	L79-L79,L117-L137,L286-L302	DONE
PHOTO-021	Listings	P1	Blocking	Pass	Repeated proposed photo reorder persists exactly	The same versioned pending revision contains the exact latest order with no duplicate effective entries.	Automated local Sprint 4 photo SQL/API/component/browser proof PASS — 2026-09-17; owner browser QA after release.; Production automated photo HTTP/DB and actual-browser proof PASS — 2026-09-17 (427ac8e); private proposals, boundaries, retry/recovery, historical isolation and responsive media verified.	4	Photo lifecycle	Pending proposal with three or more photos.	Reorder repeatedly and save between amendments.	Particular	DB/Integration	Automated	L79-L79,L117-L137,L286-L302	DONE
PHOTO-022	Listings	P1	Blocking	Pass	Proposed primary remains private until approval	First proposed photo becomes primary only on approval; public primary stays the first live photo before approval.	Automated local Sprint 4 photo SQL/API/component/browser proof PASS — 2026-09-17; owner browser QA after release.; Production automated photo HTTP/DB and actual-browser proof PASS — 2026-09-17 (427ac8e); private proposals, boundaries, retry/recovery, historical isolation and responsive media verified.	4	Photo lifecycle	Approved listing with a pending reordered photo set.	Compare public primary, then approve latest proposal and compare again.	Particular	DB/Integration	Automated	L79-L79,L117-L137,L286-L302	DONE
PHOTO-023	Listings	P0	Blocking	Pass	Restoring approved photos removes only the photo difference	Other moderated changes survive; if no difference remains the empty proposal is cancelled safely.	Automated local Sprint 4 photo SQL/API/component/browser proof PASS — 2026-09-17; owner browser QA after release.; Production automated photo HTTP/DB and actual-browser proof PASS — 2026-09-17 (427ac8e); private proposals, boundaries, retry/recovery, historical isolation and responsive media verified.	4	Photo lifecycle	Pending photo change with and without another moderated field difference.	Restore the exact live ordered set and save both variants.	Particular	DB/Integration	Automated	L79-L79,L117-L137,L286-L302	DONE
PHOTO-024	Listings	P0	Blocking	Pass	Approval atomically promotes the latest combined ordered proposal	Exactly the latest text/photo version becomes live while immediate fields survive; no partial or stale promotion occurs.	Automated local Sprint 4 photo SQL/API/component/browser proof PASS — 2026-09-17; owner browser QA after release.; Production automated photo HTTP/DB and actual-browser proof PASS — 2026-09-17 (427ac8e); private proposals, boundaries, retry/recovery, historical isolation and responsive media verified.	4	Photo lifecycle	Versioned combined proposal amended multiple times.	Approve latest version and compare live values and ordered photos.	Particular	DB/Integration	Automated	L79-L79,L117-L137,L286-L302	DONE
PHOTO-025	Listings	P0	Blocking	Pass	Photo proposal rejection preserves live photos and private audit	Live ordered photos remain unchanged; rejection reason and retained private proposed references remain available to owner/admin only.	Automated local Sprint 4 photo SQL/API/component/browser proof PASS — 2026-09-17; owner browser QA after release.; Production automated photo HTTP/DB and actual-browser proof PASS — 2026-09-17 (427ac8e); private proposals, boundaries, retry/recovery, historical isolation and responsive media verified.	4	Photo lifecycle	Pending private photo proposal.	Reject with reason and inspect public, owner, admin and unrelated access.	Particular	DB/Integration	Automated	L79-L79,L117-L137,L286-L302	DONE
PHOTO-026	Listings	P0	Blocking	Pass	Verified store photo operations apply directly under current authority	Valid add/remove/replace/reorder/primary changes apply without a pending revision; revoked or ineligible authority does not bypass review.	Automated local Sprint 4 photo SQL/API/component/browser proof PASS — 2026-09-17; owner browser QA after release.; Production automated photo HTTP/DB and actual-browser proof PASS — 2026-09-17 (427ac8e); private proposals, boundaries, retry/recovery, historical isolation and responsive media verified.	4	Photo lifecycle	Active verified store inventory, plus revocation fixture.	Exercise direct photo edits then revoke verification and repeat a moderated edit.	Store Owner	DB/Integration	Automated	L79-L79,L117-L137,L286-L302	DONE
PHOTO-027	Listings	P0	Blocking	Pass	Relisted copy edits cannot mutate sold photo history	Sold source remains immutable; copy replacement/removal/reorder and cleanup preserve shared historical objects.	Automated local Sprint 4 photo SQL/API/component/browser proof PASS — 2026-09-17; owner browser QA after release.; Production automated photo HTTP/DB and actual-browser proof PASS — 2026-09-17 (427ac8e); private proposals, boundaries, retry/recovery, historical isolation and responsive media verified.	4	Photo lifecycle	Sold source and linked relisted copy.	Edit copy photos and run cleanup; compare sold rows, order and bytes.	Particular	DB/Integration	Automated	L79-L79,L117-L137,L286-L302	DONE
PHOTO-028	Listings	P0	Blocking	Pass	Staged cleanup protects all live and retained historical references	Only owned unreferenced paths are retired/deleted; foreign, live, sold, other-listing and retained revision paths survive; retired paths cannot reattach.	Automated local Sprint 4 photo SQL/API/component/browser proof PASS — 2026-09-17; owner browser QA after release.; Production automated photo HTTP/DB and actual-browser proof PASS — 2026-09-17 (427ac8e); private proposals, boundaries, retry/recovery, historical isolation and responsive media verified.	4	Photo lifecycle	Owned staged paths and shared live/history references.	Request cleanup and attempt reattachment; simulate retry/Storage failure.	Particular	DB/Integration	Automated	L79-L79,L117-L137,L286-L302	DONE
PHOTO-029	Listings	P0	Blocking	Pass	Photo amendment invalidates stale admin approval and rejection	Both stale decisions fail safely; reloaded latest proposal remains reviewable.	Automated local Sprint 4 photo SQL/API/component/browser proof PASS — 2026-09-17; owner browser QA after release.; Production automated photo HTTP/DB and actual-browser proof PASS — 2026-09-17 (427ac8e); private proposals, boundaries, retry/recovery, historical isolation and responsive media verified.	4	Photo lifecycle	Admin loaded version N before owner photo amendment to N+1.	Attempt stale approval and rejection then reload and approve latest.	Admin	DB/Integration	Automated	L79-L79,L117-L137,L286-L302	DONE
PHOTO-030	Listings	P1	Blocking	Pass	Mobile photo editor supports operations and visible feedback	Editor works at narrow viewport without horizontal page overflow; primary/order/rules are clear and notice receives visible accessible focus.	Automated local Sprint 4 photo SQL/API/component/browser proof PASS — 2026-09-17; owner browser QA after release.; Production automated photo HTTP/DB and actual-browser proof PASS — 2026-09-17 (427ac8e); private proposals, boundaries, retry/recovery, historical isolation and responsive media verified.	4	Photo lifecycle	Authenticated owner editing a pending proposal on mobile.	Add/replace/reorder/remove/save and inspect account menu, order and focused notice.	Particular	Browser/Component	Automated	L79-L79,L117-L137,L286-L302	DONE
PHOTO-031	Listings	P0	Blocking	Pass	Signed photo edit retry is idempotent and recovers partial upload	Same signed attempt/payload returns its receipt without duplicate revision/version; changed or foreign replay fails and partial uploads recover safely.	Automated local Sprint 4 photo SQL/API/component/browser proof PASS — 2026-09-17; owner browser QA after release.; Production automated photo HTTP/DB and actual-browser proof PASS — 2026-09-17 (427ac8e); private proposals, boundaries, retry/recovery, historical isolation and responsive media verified.	4	Photo lifecycle	Owned edit attempt, lost response and partial upload fixtures.	Retry identical request, vary payload/owner and recover an interrupted upload.	Particular	DB/Integration	Automated	L79-L79,L117-L137,L286-L302	DONE
AN-017	Analytics	P0	Blocking	Pass	Raw event access and buyer/owner identity forgery are denied	Only trusted server recording and authorized owner/admin aggregate access succeeds; no raw buyer directory is returned.	Automated local event SQL/HTTP security proof PASS — 2026-09-17; exact denied-access error codes asserted with database still available.; Production automated event HTTP/DB/browser proof PASS — 2026-09-17 (427ac8e); visible activity, signed searches, trusted funnels, rolling concurrent dedupe and private aggregates.	4	Event integrity	Two Particular owners, Store Owner, buyer, admin and anonymous fixtures.	Attempt raw reads, service recorder invocation, foreign reports and forged identities; verify real denial and safe aggregate output.	All	Security/DB/Integration	Automated	L199-L215	DONE
STORE-019	Stores	P1	Blocking	Pass	Duplicate-RUC rejection permits same-form correction and immediate retry	Changing only RUC preserves other fields/assets and creates exactly one owner-bound application without reload; uncertain signed retries remain protected.	Automated local SQL/API/component/actual-browser acceptance PASS — 2026-09-18; no production owner acceptance claim.; Automated production API/RLS/actual-browser smoke PASS — 2026-09-18 (516bf45); owner usability retest pending.; Owner manual production acceptance PASS — 2026-09-18	5	Application retry recovery	Authenticated Store Owner without a store; another store owns the first RUC.	Enter application/logo; submit duplicate RUC; correct only RUC; resubmit in the same form; inspect one application and preserved fields/assets.	Store Owner	Integration/E2E	Automated	Store application/RUC; Sprint 5 section 4	DONE
PUB-008	Public Marketplace	P1	Blocking	Pass	Shared marketplace header and categories span public/auth/account/admin routes	One root shell exposes logo/search/account controls and canonical categories while protected account navigation stays nested.	Automated local SQL/API/component/actual-browser acceptance PASS — 2026-09-18; no production owner acceptance claim.; Automated production API/RLS/actual-browser smoke PASS — 2026-09-18 (516bf45); owner usability retest pending.; Owner manual production acceptance PASS — 2026-09-18	5	Global site shell	Public inventory and both authenticated account types exist.	Inspect representative home/catalog/detail/store/signup/login/admin/account routes and role-specific account links.	All	Component/E2E	Automated	Sprint 5 global navigation clarification	DONE
PUB-009	Public Marketplace	P1	Blocking	Pass	Global search uses canonical catalog parsing and existing search analytics exactly once	Enter submits brand to /listados and one signed search receipt with actual results; header rendering/focus/typing do not emit searches.	Automated local SQL/API/component/actual-browser acceptance PASS — 2026-09-18; no production owner acceptance claim.; Automated production API/RLS/actual-browser smoke PASS — 2026-09-18 (516bf45); owner usability retest pending.; Owner manual production acceptance PASS — 2026-09-18	5	Global catalog search	Shared header and first-party search events enabled.	Type an unknown brand without submitting; press Enter; compare canonical URL/zero-result event; revisit/focus header without another event.	Particular / Anonymous	Integration/E2E	Automated	URL-driven filters; Sprint 5 global search	DONE
PUB-010	Public Marketplace	P1	Blocking	Pass	Mobile global marketplace navigation remains usable alongside account navigation	Search/categories/subtypes/account options remain accessible in a narrow viewport without horizontal overflow or loss of active account state.	Automated local SQL/API/component/actual-browser acceptance PASS — 2026-09-18; no production owner acceptance claim.; Automated production API/RLS/actual-browser smoke PASS — 2026-09-18 (516bf45); owner usability retest pending.; Owner manual production acceptance PASS — 2026-09-18	5	Responsive site navigation	Narrow mobile viewport; authenticated account.	Open Favorites at 390px; expand global categories and the account menu; inspect real destinations/active state and page width.	Particular / Store Owner	Component/E2E	Automated	Design system; Sprint 5 mobile global navigation	DONE
NOTIF-003	Notifications	P1	Blocking	Pass	In-app price-drop notice resolves the recipient listing with current availability	A recipient follows a safe listing target; sold state remains recognizable and hidden/nonpublic targets show generic unavailability without private content.	Automated local SQL/API/component/actual-browser acceptance PASS — 2026-09-18; no production owner acceptance claim.; Automated production API/RLS/actual-browser smoke PASS — 2026-09-18 (516bf45); owner usability retest pending.; Owner manual production acceptance PASS — 2026-09-18	5	Favorite price-drop notifications	Public price drop delivered to current favorites; recipient session.	Inspect notification price metadata/read state/link; follow own destination after approved/sold/hidden transitions; test foreign recipient access.	Particular / Store Owner	DB/Integration/E2E	Automated	In-app notifications; Sprint 5 sections 25–26	DONE
PUB-011	Public Marketplace	P1	Blocking	Pass	Open mega-menu contains only the selected major category taxonomy	The open panel shows the selected category's canonical instrument types and no unrelated category branches.	Automated local Sprint 6 component and actual-browser acceptance PASS — 2026-09-19; selected-category isolation verified; owner production usability acceptance remains pending.		Category mega-menu	Shared global category navigation is rendered.	Open Guitarras, inspect types; switch to Baterías and compare contents.	Anonymous / Authenticated	Component/E2E	Both	Sprint 6 sections 4–7	BUILD
PUB-012	Public Marketplace	P0	Blocking	Pass	Mega-menu reuses the canonical listing and filter taxonomy	Menu destinations use the same category and instrument_type values accepted by listing creation and catalog filters.	Automated local Sprint 6 component/integration and actual-browser acceptance PASS — 2026-09-19; canonical category and instrument_type destinations verified.		Category mega-menu	Canonical categories and instrument types exist.	Compare menu destinations with listing form and catalog parsing; follow each representative link.	All	Component/Integration	Automated	Sprint 6 sections 4–5	BUILD
PUB-013	Public Marketplace	P1	Blocking	Pass	Mega-menu closes after destination selection and Next.js route change	No open category panel persists after client navigation, including navigation from another category.	Automated local Sprint 6 component and actual-browser acceptance PASS — 2026-09-19; destination/route close state verified; owner production usability acceptance remains pending.		Category mega-menu	A category panel is open.	Select subtype link, then navigate client-side and inspect expanded state/panel.	All	E2E	Both	Sprint 6 section 6	BUILD
PUB-014	Public Marketplace	P1	Blocking	Pass	Mega-menu closes on outside interaction and Escape	Outside pointer interaction closes the panel; Escape closes and returns sensible focus to its trigger.	Automated local Sprint 6 component and actual-browser acceptance PASS — 2026-09-19; outside/Escape/focus state verified; owner production usability acceptance remains pending.		Category mega-menu	Desktop viewport and open category panel.	Click outside, reopen, press Escape and inspect focus/aria-expanded.	All	E2E	Both	Sprint 6 sections 6–7	BUILD
PUB-015	Public Marketplace	P1	Blocking	Pass	Mobile category menu uses canonical taxonomy and closes after navigation	Narrow navigation exposes category-specific accordions without desktop overflow and collapses after selecting a destination or closing the menu.	Automated local Sprint 6 component and 390px actual-browser acceptance PASS — 2026-09-19; canonical accordion and close behavior verified; owner production usability acceptance remains pending.		Category mega-menu	390px viewport.	Open mobile categories/subtype, navigate, reopen and close; inspect page width and expanded states.	All	E2E	Both	Sprint 6 sections 6–7	BUILD
TX-017	Transactions	P0	Blocking	Pass	Seller can cancel or reselect safely before verification	Cancellation and decline retain history; exactly one new eligible claim may become active and a verified relation cannot be reassigned.	Automated local Sprint 6 SQL/RLS and concurrency integration acceptance PASS — 2026-09-19; cancel/decline history, eligible reselection, active uniqueness, and verified immutability proven.		Verified transaction correction	Sold listing has at least two eligible authenticated contacts.	Select buyer A; cancel; select buyer B; decline; select another eligible buyer and inspect history/active uniqueness.	Seller / Buyer	DB/Integration	Automated	Sprint 6 sections 14–16	BUILD
